release_path,source_path,bytes,sha256
VAD_pkueeg_final/PUBLIC_BASELINES.md,VAD_pkueeg_final/PUBLIC_BASELINES.md,3887,d712e5030d67e7b344fb0d922abcfd4f24f15c22b9cfab4ca225961c1021888c
VAD_pkueeg_final/eval_pretrain_per_subject.py,VAD_pkueeg_final/eval_pretrain_per_subject.py,9044,0232e9bd06995cdfe12a50f8af0a204665c04d57bf93f41f817cf059c533c19a
VAD_pkueeg_final/job_eval_pretrain.slurm,VAD_pkueeg_final/job_eval_pretrain.slurm,1330,1d4bfe42edd8a7d786c67ef3ea2264c8ffdf7242676243a3321e0fbab6a229c2
VAD_pkueeg_final/job_finetune_per_sub_5t5v.slurm,VAD_pkueeg_final/job_finetune_per_sub_5t5v.slurm,1952,65bc32dc336ff031135e02f954a10b52cb22d2c670ae3e8791e42141676379dd
VAD_pkueeg_final/job_pretrain_per_sub_5t5v.slurm,VAD_pkueeg_final/job_pretrain_per_sub_5t5v.slurm,1770,a6a60ed4aa46fbf1d99fee9dfdd1fe0d24f69a196bd42b8934c3216afd227f81
VAD_pkueeg_final/plot_model_boxplot.py,VAD_pkueeg_final/plot_model_boxplot.py,3918,dc40e8e0401468fcc48bdb680b2ccb4dfc737175dc40472c91851f6f3891ea37
VAD_pkueeg_final/submit_eval_pretrain.sh,VAD_pkueeg_final/submit_eval_pretrain.sh,1761,23ba0841319ff32fe4b74c267b5920962acefa4d215d602aba44fd630b95e3cb
VAD_pkueeg_final/submit_finetune_per_sub_5t5v.sh,VAD_pkueeg_final/submit_finetune_per_sub_5t5v.sh,3242,2619fb875569af271c0ea859c92a16f110ce0ea68d85f256197716646613b080
VAD_pkueeg_final/submit_pretrain_per_sub_5t5v.sh,VAD_pkueeg_final/submit_pretrain_per_sub_5t5v.sh,4415,43f791d1d51c1bf8865d3869633fcf23456cefe6475dbd95652a60d4b4842485
VAD_pkueeg_final/test_brain_magic_subject_projection.py,VAD_pkueeg_final/test_brain_magic_subject_projection.py,7368,cb5cbd58d2d488563c258d59b5ba3450b02697e9353fbe2c6f7a06766586ffb5
VAD_pkueeg_final/speech_code/data_process.py,VAD_pkueeg_final/speech_code/data_process.py,4656,3671a3b41e0bd5f5233ef4a7b572278fd7c455aa12bea459b465366f0520f57b
VAD_pkueeg_final/speech_code/data_split.py,VAD_pkueeg_final/speech_code/data_split.py,21017,017147f689445275cc48924173fc659921d0d2f094181f4620e0753d9dd416ab
VAD_pkueeg_final/speech_code/models/__init__.py,VAD_pkueeg_final/speech_code/models/__init__.py,92,d336452fd23e4d4d94e01af4d4a90ec3b3759b7f7e7b7117c41efd033439ca2c
VAD_pkueeg_final/speech_code/models/average_groups.py,VAD_pkueeg_final/speech_code/models/average_groups.py,2205,af5143ff550b1db66a747f5195b59c4382602f68b4153aa13c48b887528d0567
VAD_pkueeg_final/speech_code/models/configurable_modules/classification_module.py,VAD_pkueeg_final/speech_code/models/configurable_modules/classification_module.py,9393,9675a2996de89532e08d11afacc40b53f6671427e4b0c5d97733cd23881fc4b4
VAD_pkueeg_final/speech_code/models/configurable_modules/utils.py,VAD_pkueeg_final/speech_code/models/configurable_modules/utils.py,6011,419d904e849450fdef9f47c3cea96520c49ec3429bdaf40cb5f1afa6f5c87209
VAD_pkueeg_final/speech_code/models/conformer.py,VAD_pkueeg_final/speech_code/models/conformer.py,5836,35e91e52415fc31a7ca66acc7e796be0b4ebc691d0764de96c250cf296632c0a
VAD_pkueeg_final/speech_code/models/my_modules/AWaveNet.py,VAD_pkueeg_final/speech_code/models/my_modules/AWaveNet.py,4863,e46defac8fd2ab8530b978e6dbe31e36f8fe201850b40569a874a420cb2b62e5
VAD_pkueeg_final/speech_code/models/my_modules/BM.py,VAD_pkueeg_final/speech_code/models/my_modules/BM.py,5045,0a37b3d1b57c88063ba37db2cf21a644fccc522d742c1cbdf028e1dda8f48140
VAD_pkueeg_final/speech_code/models/my_modules/BrainNetwork.py,VAD_pkueeg_final/speech_code/models/my_modules/BrainNetwork.py,21436,b5bb19836fce01a2833dea09b185f67d57176782f794c6699b5520ab444e9e3d
VAD_pkueeg_final/speech_code/models/my_modules/BrainNetworkSubject.py,VAD_pkueeg_final/speech_code/models/my_modules/BrainNetworkSubject.py,976,c65374f2c5c241b929b276e4001d06fd12c2c38ea5643f28c80ebe4258803e54
VAD_pkueeg_final/speech_code/models/my_modules/BrainNetwork_ablation.py,VAD_pkueeg_final/speech_code/models/my_modules/BrainNetwork_ablation.py,14669,1ce5340aff15a5c1085d54ce108d65fb8db2500ddd6dd20203688b857a570d06
VAD_pkueeg_final/speech_code/models/my_modules/BrainNetwork_v1.py,VAD_pkueeg_final/speech_code/models/my_modules/BrainNetwork_v1.py,11251,b1a3c7a0445c7b88703eeec4630c693898ebf8357226dde9801d604230378fd3
VAD_pkueeg_final/speech_code/models/my_modules/BrainNetwork_v2.py,VAD_pkueeg_final/speech_code/models/my_modules/BrainNetwork_v2.py,11249,6eb0fa5d0a830f3ea37f01b5ef50f11ed39a999a6f60fd3b5c978dcab0a62239
VAD_pkueeg_final/speech_code/models/my_modules/BrainNetwork_v3.py,VAD_pkueeg_final/speech_code/models/my_modules/BrainNetwork_v3.py,12453,bc6fff9a680cc3376ec1bd7adf50d7b9f6267dea3e7e28093eb4f6b52d79ea2a
VAD_pkueeg_final/speech_code/models/my_modules/BrainNetwork_v4.py,VAD_pkueeg_final/speech_code/models/my_modules/BrainNetwork_v4.py,10907,d67915d767fe3ead70413277af5bc0e29108d6c9d7bace01b8004d84a51646c8
VAD_pkueeg_final/speech_code/models/my_modules/BrainNetwork_v5.py,VAD_pkueeg_final/speech_code/models/my_modules/BrainNetwork_v5.py,9023,7133bea4936823189564bb5a43311de87ea37a4049880327da2898298e44f53e
VAD_pkueeg_final/speech_code/models/my_modules/BrainNetwork_v6.py,VAD_pkueeg_final/speech_code/models/my_modules/BrainNetwork_v6.py,8681,7cc21966162da62df12fcaff1d09aefa365f6612ba61609904fff18142cdce6c
VAD_pkueeg_final/speech_code/models/my_modules/BrainNetwork_v7.py,VAD_pkueeg_final/speech_code/models/my_modules/BrainNetwork_v7.py,11582,7137935f28eeb8b2a377e43a70ee81e54a06a92cf95f326e252d1763bcadd60d
VAD_pkueeg_final/speech_code/models/my_modules/BrainNetwork_v7_ablation.py,VAD_pkueeg_final/speech_code/models/my_modules/BrainNetwork_v7_ablation.py,14029,b87ba02ce97a5f502a8161ae0e2c0ddac48dd39476d0f737ed4f254029f77873
VAD_pkueeg_final/speech_code/models/my_modules/CNNLSTM.py,VAD_pkueeg_final/speech_code/models/my_modules/CNNLSTM.py,2558,a257f908df2fba28ffc0952cae40ae400c565e3e3aff196c218a3ea552047daf
VAD_pkueeg_final/speech_code/models/my_modules/CNNTCN.py,VAD_pkueeg_final/speech_code/models/my_modules/CNNTCN.py,3750,c4ab14ef36c43cae1eddb8b1b208e399592ff1a7101305b9327a3f6eb1582b27
VAD_pkueeg_final/speech_code/models/my_modules/DilatedConv.py,VAD_pkueeg_final/speech_code/models/my_modules/DilatedConv.py,2177,29f56c307a12fb87898e93f33c765b4145c949a036666fa56f4295feda9bd5de
VAD_pkueeg_final/speech_code/models/my_modules/IMU.py,VAD_pkueeg_final/speech_code/models/my_modules/IMU.py,4280,dde06dd8a75f7c1a6bee73839725076ce2f6f188765534bd2ee2259b427ef0ba
VAD_pkueeg_final/speech_code/models/my_modules/SHINE.py,VAD_pkueeg_final/speech_code/models/my_modules/SHINE.py,9059,989fd68e8abc0a6d76de38c677c3482f1570e162f0a703c48ec50384ccaaf021
VAD_pkueeg_final/speech_code/models/my_modules/VLAAI.py,VAD_pkueeg_final/speech_code/models/my_modules/VLAAI.py,3256,ef6b9b3a605fbbc4196aad71efdc4b55141e6cc346ee434c2f82955d580694fc
VAD_pkueeg_final/speech_code/models/my_modules/classification_module.py,VAD_pkueeg_final/speech_code/models/my_modules/classification_module.py,19015,6f5d762b31ec35b2dc1d8f40a55de70b36dd5d1b3b318a0c8612d6cb128aa401
VAD_pkueeg_final/speech_code/models/my_modules/model_EEG.py,VAD_pkueeg_final/speech_code/models/my_modules/model_EEG.py,8135,f1da33f6cc9a4b8e4e48f7d2362d7dda9d8c376a0e37fdeb8c0a04ab4ca176c9
VAD_pkueeg_final/speech_code/models/my_modules/model_fusion.py,VAD_pkueeg_final/speech_code/models/my_modules/model_fusion.py,18977,49103768e7b91d628a54f1dc0337d6fe1de4ec3432c138d83b2555eb05c65c13
VAD_pkueeg_final/speech_code/models/my_modules/public_baseline_utils.py,VAD_pkueeg_final/speech_code/models/my_modules/public_baseline_utils.py,2936,3eb8a247efa1538682d4facf397896b678a1d64681ed44c60497f70f4332c112
VAD_pkueeg_final/speech_code/models/my_modules/train_segment_fusion_clip_v4.py,VAD_pkueeg_final/speech_code/models/my_modules/train_segment_fusion_clip_v4.py,36751,d2bd4bf36921f2aef51e77aee99a21772605ec3c3c7c4186bef73a9930f7a5ef
VAD_pkueeg_final/speech_code/models/my_modules/utils.py,VAD_pkueeg_final/speech_code/models/my_modules/utils.py,15796,3e9e174f0bf3a387c665cd127787e378838259b5140c6348497f72959cf1b8e7
VAD_pkueeg_final/speech_code/models/my_modules/whisper.py,VAD_pkueeg_final/speech_code/models/my_modules/whisper.py,13813,8d68ae67047c005ae991d8e1f2e6c83bbfc126fc1c7fb92783538ca283bc435a
VAD_pkueeg_final/speech_code/models/util_layers.py,VAD_pkueeg_final/speech_code/models/util_layers.py,907,f711bcbb5aa9d63081a20edeadd1eaddf4dccbfe356180c5f1bd1d1ff982b50d
VAD_pkueeg_final/speech_code/speech_utils.py,VAD_pkueeg_final/speech_code/speech_utils.py,17320,b99b19ea53a6ac2cd81b442c1f938ee276c8a3cdc4e180090b8c4da2112215d0
VAD_pkueeg_final/speech_code/train.py,VAD_pkueeg_final/speech_code/train.py,42493,cd3fc0427fa4f596c181efa28fd1e1636c1315fe3363e8f58c1349a7e15c8158
VAD_pkueeg_final/speech_code/train_v1.py,VAD_pkueeg_final/speech_code/train_v1.py,25423,8d6701c05f87ade6d264b4832e6fe542ed6017917612662b772740b215a58d0b
VAD_pkueeg_final/speech_code/utils.py,VAD_pkueeg_final/speech_code/utils.py,37914,d205be736083bb125e1a907b0b0244b0d65be9972512acbfd579a132416a7da9
VAD_pkueeg_final/configs/speech/full-training/base-config.yaml,VAD_pkueeg_final/configs/speech/full-training/base-config.yaml,5951,e92c14a680af10ebc963e9b28bd07f1a1e896ff61dc981f971b4341b5e617f26
VAD_pkueeg_final/configs/speech/full-training/search-space.yaml,VAD_pkueeg_final/configs/speech/full-training/search-space.yaml,743,493d6903e3d3c1a3d1b74d7fbbb7f25b749d2deb98692464ad09c8230328056f
VAD_pkueeg_final/configs/speech/my_run/config.yaml,VAD_pkueeg_final/configs/speech/my_run/config.yaml,8412,cc041f7e5848368ab224cdfa0335e7f5e13e37b7db16fa3c83838b89d38ef938
VAD_pkueeg_final/configs/speech/my_run/model_sweep.yaml,VAD_pkueeg_final/configs/speech/my_run/model_sweep.yaml,2154,a9a1c120480cd378279dd3bf129eed2fc21ffd80caf72c401214cfd9cf7b583d
VAD_pkueeg_final/configs/speech/my_run/search-space.yaml,VAD_pkueeg_final/configs/speech/my_run/search-space.yaml,1086,63384b5411c85696cdfa838fde864c0b5c7d0f07ce711b3f1065fdf9528cbed2
VAD_pkueeg_final/configs/speech/scaling/base-config.yaml,VAD_pkueeg_final/configs/speech/scaling/base-config.yaml,4435,426716e40f6a75952add41eedd8121c839a273488f642a457d557213195ae667
VAD_pkueeg_final/configs/speech/scaling/search-space.yaml,VAD_pkueeg_final/configs/speech/scaling/search-space.yaml,919,dad790e62cf874aea34466cc33d875e603d147d6d6d5a7ec2d4646edeae68b59
VAD_pkueeg_final/tests/test_public_baselines.py,VAD_pkueeg_final/tests/test_public_baselines.py,9139,30a8ea5d04fb65bf09020d3d680d92c89fc756837c02050b821ad02c01fa3c24
VAD_pkueeg_final/preprocess/ch_transform.py,VAD_pkueeg_final/preprocess/ch_transform.py,818,1b1bccda93698e1ee6bdd29b7bdd3f8dafbdcc8b9ea98ed2a4dc8420a65d4c3e
VAD_pkueeg_final/Label_VAD/extract_vad_segments.py,VAD_pkueeg_final/../Label_VAD/extract_vad_segments.py,6362,6c3572e258d01325ffc6af65ac38a1b470eda92dcc6a493e0093b6190f00c299
VAD_SparKULee/compute_per_subject_means.py,VAD_SparKULee/compute_per_subject_means.py,4532,17c7aa07df877092841a28dfd9bf92c7b925f5ea25c44363087f83965a266f84
VAD_SparKULee/eval_pretrain_per_subject.py,VAD_SparKULee/eval_pretrain_per_subject.py,7899,57903535365f61108bdd1f93c91cef34ad798dda916c9b8314c93e5ac982ab96
VAD_SparKULee/job_cross_subject_5fold.slurm,VAD_SparKULee/job_cross_subject_5fold.slurm,1308,f9bed325be1f8dee3373b004bb511b164991306baf67d4e305f79daf809f8a49
VAD_SparKULee/job_eval_pretrain.slurm,VAD_SparKULee/job_eval_pretrain.slurm,1437,cc61c0d4c36c06e25b3114b219e892545a65862ddb94d3cf25c977c395e8d783
VAD_SparKULee/job_finetune_random_trial.slurm,VAD_SparKULee/job_finetune_random_trial.slurm,2089,74fdf469cc3aebd2b345f3903073554a4c97a31f3e1cf631d49f1c5d225f2bf8
VAD_SparKULee/job_model_seed_aggregate.slurm,VAD_SparKULee/job_model_seed_aggregate.slurm,739,8dfa83d036bb09a27456b20dcfc7a9a00819eaab8fb4273c0259b5d221b3ebdd
VAD_SparKULee/job_model_seed_sweep.slurm,VAD_SparKULee/job_model_seed_sweep.slurm,1642,496ceac33a9f713842a04e223cf54451e4b54878170dbf0e75683c7c55ea83cd
VAD_SparKULee/job_per_subject.slurm,VAD_SparKULee/job_per_subject.slurm,1528,3e22f2c6fdb8345de905171260cb92699b7b2465369787c7f323e6ec252f1eb7
VAD_SparKULee/job_pretrain_random_trial.slurm,VAD_SparKULee/job_pretrain_random_trial.slurm,1955,0400f90c9d4b250e4fe902a8a03446ecf954a9373bf00891b39b63a6b7eb24d7
VAD_SparKULee/job_shared_story_aggregate.slurm,VAD_SparKULee/job_shared_story_aggregate.slurm,586,c8ba3ea7e8fc11e89c9580f03d2877a4286c49c2416ba7ecaf57e873dffcabb6
VAD_SparKULee/job_shared_story_reevaluate.slurm,VAD_SparKULee/job_shared_story_reevaluate.slurm,741,f4fbddc29421a99efa0eea5a07b49438974639ce6c7e510ce2d498390ef8f82c
VAD_SparKULee/job_shared_story_search.slurm,VAD_SparKULee/job_shared_story_search.slurm,1476,8f679a02ae828f8f1328355414a59a199adb92880bf9e78f9bbbb7321f4dd794
VAD_SparKULee/model_seed_sweep.py,VAD_SparKULee/model_seed_sweep.py,24713,397b567ab0eb864286b2cdcc1f284f0020b6dd7c7bff66f10790ff404f80fe4f
VAD_SparKULee/plot_model_boxplot.py,VAD_SparKULee/plot_model_boxplot.py,3874,52d1c3b7e91c57905a547ece8e85cc301b349b5a40ea5ed820c635935eb679eb
VAD_SparKULee/reevaluate_shared_story_candidate.py,VAD_SparKULee/reevaluate_shared_story_candidate.py,4102,cdff770c9c9771aade02aa88a627f937a6494ce2e0b6443d1637bd08a5d0ed6d
VAD_SparKULee/search_shared_story_splits.py,VAD_SparKULee/search_shared_story_splits.py,16979,ac37d4f3f035aa5130d95c66aee333fef3cf4646ed2d49240653bcd0b519abee
VAD_SparKULee/submit_cross_subject_5fold.sh,VAD_SparKULee/submit_cross_subject_5fold.sh,821,36554f9a2c7e384a8cdd55ddc0af9a786c037f345196d7c9cb09e7148280d638
VAD_SparKULee/submit_eval_pretrain.sh,VAD_SparKULee/submit_eval_pretrain.sh,2714,bf4a2d4df82076439ecb33a7c0b6610d1258276256ecbf6ee7cc44d5e358d068
VAD_SparKULee/submit_finetune_random_trial.sh,VAD_SparKULee/submit_finetune_random_trial.sh,3866,8e7d44418845849100770815de76efa881bb77ec603a8aaa83b4061f25b60f65
VAD_SparKULee/submit_model_seed_sweep.sh,VAD_SparKULee/submit_model_seed_sweep.sh,2557,0bfb5d2fbc530a92ef6784db823ac107cf115175d81781bd53ce0cb1a3870673
VAD_SparKULee/submit_per_subject.sh,VAD_SparKULee/submit_per_subject.sh,1807,0ad50f1fa1ca9f7e814db2f1fef3b646347ebf040379180039e2521f9fb7cdb7
VAD_SparKULee/submit_pretrain_random_trial.sh,VAD_SparKULee/submit_pretrain_random_trial.sh,4361,c04eaee44c42b84159ac564017e579bfd51ea1f3de5887fb02741805dbba4902
VAD_SparKULee/submit_shared_story_search.sh,VAD_SparKULee/submit_shared_story_search.sh,2249,df008a2d93470569294a2e7afb7df3aed12888d243edec737d33f45a32e159cd
VAD_SparKULee/test_brain_magic_subject_projection.py,VAD_SparKULee/test_brain_magic_subject_projection.py,7368,cb5cbd58d2d488563c258d59b5ba3450b02697e9353fbe2c6f7a06766586ffb5
VAD_SparKULee/test_public_baseline_integration.py,VAD_SparKULee/test_public_baseline_integration.py,4514,0630e482d566cef33ed13736e5c58949f17cd92b774a9b83133b1b29970682fa
VAD_SparKULee/speech_code/data_process.py,VAD_SparKULee/speech_code/data_process.py,4656,3671a3b41e0bd5f5233ef4a7b572278fd7c455aa12bea459b465366f0520f57b
VAD_SparKULee/speech_code/data_split.py,VAD_SparKULee/speech_code/data_split.py,22648,99add457a75e3bd31e73a87668d03373075a17be3052af62bb452c9f94840229
VAD_SparKULee/speech_code/models/__init__.py,VAD_SparKULee/speech_code/models/__init__.py,92,d336452fd23e4d4d94e01af4d4a90ec3b3759b7f7e7b7117c41efd033439ca2c
VAD_SparKULee/speech_code/models/average_groups.py,VAD_SparKULee/speech_code/models/average_groups.py,2205,af5143ff550b1db66a747f5195b59c4382602f68b4153aa13c48b887528d0567
VAD_SparKULee/speech_code/models/configurable_modules/classification_module.py,VAD_SparKULee/speech_code/models/configurable_modules/classification_module.py,9393,9675a2996de89532e08d11afacc40b53f6671427e4b0c5d97733cd23881fc4b4
VAD_SparKULee/speech_code/models/configurable_modules/utils.py,VAD_SparKULee/speech_code/models/configurable_modules/utils.py,6011,419d904e849450fdef9f47c3cea96520c49ec3429bdaf40cb5f1afa6f5c87209
VAD_SparKULee/speech_code/models/conformer.py,VAD_SparKULee/speech_code/models/conformer.py,5836,35e91e52415fc31a7ca66acc7e796be0b4ebc691d0764de96c250cf296632c0a
VAD_SparKULee/speech_code/models/my_modules/AWaveNet.py,VAD_SparKULee/speech_code/models/my_modules/AWaveNet.py,4863,e46defac8fd2ab8530b978e6dbe31e36f8fe201850b40569a874a420cb2b62e5
VAD_SparKULee/speech_code/models/my_modules/BM.py,VAD_SparKULee/speech_code/models/my_modules/BM.py,5045,0a37b3d1b57c88063ba37db2cf21a644fccc522d742c1cbdf028e1dda8f48140
VAD_SparKULee/speech_code/models/my_modules/BrainNetwork.py,VAD_SparKULee/speech_code/models/my_modules/BrainNetwork.py,21436,b5bb19836fce01a2833dea09b185f67d57176782f794c6699b5520ab444e9e3d
VAD_SparKULee/speech_code/models/my_modules/BrainNetworkSubject.py,VAD_SparKULee/speech_code/models/my_modules/BrainNetworkSubject.py,976,c65374f2c5c241b929b276e4001d06fd12c2c38ea5643f28c80ebe4258803e54
VAD_SparKULee/speech_code/models/my_modules/BrainNetwork_ablation.py,VAD_SparKULee/speech_code/models/my_modules/BrainNetwork_ablation.py,14669,1ce5340aff15a5c1085d54ce108d65fb8db2500ddd6dd20203688b857a570d06
VAD_SparKULee/speech_code/models/my_modules/BrainNetwork_v1.py,VAD_SparKULee/speech_code/models/my_modules/BrainNetwork_v1.py,9763,b4537d6f32eb4ba06171119cd576a091df823337ccf7ec3334fccea80ce934f0
VAD_SparKULee/speech_code/models/my_modules/BrainNetwork_v2.py,VAD_SparKULee/speech_code/models/my_modules/BrainNetwork_v2.py,10354,67bd4b6f1e453f7c2c35cc6f32122b84c1169c5ee84a8f3da2ee494583bd6e36
VAD_SparKULee/speech_code/models/my_modules/BrainNetwork_v4.py,VAD_SparKULee/speech_code/models/my_modules/BrainNetwork_v4.py,10907,d67915d767fe3ead70413277af5bc0e29108d6c9d7bace01b8004d84a51646c8
VAD_SparKULee/speech_code/models/my_modules/BrainNetwork_v7.py,VAD_SparKULee/speech_code/models/my_modules/BrainNetwork_v7.py,11582,7137935f28eeb8b2a377e43a70ee81e54a06a92cf95f326e252d1763bcadd60d
VAD_SparKULee/speech_code/models/my_modules/BrainNetwork_v7_ablation.py,VAD_SparKULee/speech_code/models/my_modules/BrainNetwork_v7_ablation.py,14029,b87ba02ce97a5f502a8161ae0e2c0ddac48dd39476d0f737ed4f254029f77873
VAD_SparKULee/speech_code/models/my_modules/CNNLSTM.py,VAD_SparKULee/speech_code/models/my_modules/CNNLSTM.py,2558,a257f908df2fba28ffc0952cae40ae400c565e3e3aff196c218a3ea552047daf
VAD_SparKULee/speech_code/models/my_modules/CNNTCN.py,VAD_SparKULee/speech_code/models/my_modules/CNNTCN.py,3750,c4ab14ef36c43cae1eddb8b1b208e399592ff1a7101305b9327a3f6eb1582b27
VAD_SparKULee/speech_code/models/my_modules/DilatedConv.py,VAD_SparKULee/speech_code/models/my_modules/DilatedConv.py,2177,29f56c307a12fb87898e93f33c765b4145c949a036666fa56f4295feda9bd5de
VAD_SparKULee/speech_code/models/my_modules/IMU.py,VAD_SparKULee/speech_code/models/my_modules/IMU.py,4280,dde06dd8a75f7c1a6bee73839725076ce2f6f188765534bd2ee2259b427ef0ba
VAD_SparKULee/speech_code/models/my_modules/SHINE.py,VAD_SparKULee/speech_code/models/my_modules/SHINE.py,9059,989fd68e8abc0a6d76de38c677c3482f1570e162f0a703c48ec50384ccaaf021
VAD_SparKULee/speech_code/models/my_modules/VLAAI.py,VAD_SparKULee/speech_code/models/my_modules/VLAAI.py,3256,ef6b9b3a605fbbc4196aad71efdc4b55141e6cc346ee434c2f82955d580694fc
VAD_SparKULee/speech_code/models/my_modules/classification_module.py,VAD_SparKULee/speech_code/models/my_modules/classification_module.py,17721,1863145d3f1e01563f37f7b8bca36a52e1f645fa8610f996dbad2ac38a88c96a
VAD_SparKULee/speech_code/models/my_modules/model_EEG.py,VAD_SparKULee/speech_code/models/my_modules/model_EEG.py,8135,f1da33f6cc9a4b8e4e48f7d2362d7dda9d8c376a0e37fdeb8c0a04ab4ca176c9
VAD_SparKULee/speech_code/models/my_modules/public_baseline_utils.py,VAD_SparKULee/speech_code/models/my_modules/public_baseline_utils.py,2936,3eb8a247efa1538682d4facf397896b678a1d64681ed44c60497f70f4332c112
VAD_SparKULee/speech_code/models/my_modules/utils.py,VAD_SparKULee/speech_code/models/my_modules/utils.py,14704,45906e4967b831156b80af229e4857ca07e173266bbb7ed478aeccec85523f99
VAD_SparKULee/speech_code/models/my_modules/whisper.py,VAD_SparKULee/speech_code/models/my_modules/whisper.py,13813,8d68ae67047c005ae991d8e1f2e6c83bbfc126fc1c7fb92783538ca283bc435a
VAD_SparKULee/speech_code/models/util_layers.py,VAD_SparKULee/speech_code/models/util_layers.py,907,f711bcbb5aa9d63081a20edeadd1eaddf4dccbfe356180c5f1bd1d1ff982b50d
VAD_SparKULee/speech_code/speech_utils.py,VAD_SparKULee/speech_code/speech_utils.py,16824,e5696ebb6f390f26fea443c2112ef3bfae0a5d11ab9df3e842aa47eae45ee41d
VAD_SparKULee/speech_code/train.py,VAD_SparKULee/speech_code/train.py,43380,447697fa3f3b7dd3dde2b8d2cfc352fbd84ef3015d2e1d9cb89054bb34994361
VAD_SparKULee/speech_code/train_v1.py,VAD_SparKULee/speech_code/train_v1.py,25313,773ace21a71933849cbb3d0612a2f676007d2d073669c5c0ea3944382f51bab0
VAD_SparKULee/speech_code/utils.py,VAD_SparKULee/speech_code/utils.py,47326,9f06ee91ea0c36beae6b0acff75d7f8d1e0f728a110debc6d31ba8a7473a5030
VAD_SparKULee/configs/speech/full-training/base-config.yaml,VAD_SparKULee/configs/speech/full-training/base-config.yaml,5951,e92c14a680af10ebc963e9b28bd07f1a1e896ff61dc981f971b4341b5e617f26
VAD_SparKULee/configs/speech/full-training/search-space.yaml,VAD_SparKULee/configs/speech/full-training/search-space.yaml,743,493d6903e3d3c1a3d1b74d7fbbb7f25b749d2deb98692464ad09c8230328056f
VAD_SparKULee/configs/speech/my_run/config.yaml,VAD_SparKULee/configs/speech/my_run/config.yaml,8191,5aa24f655841e683e5f130ac4b5703a5448c206d7bc809d3c2b0a383bacce1dd
VAD_SparKULee/configs/speech/my_run/model_sweep.yaml,VAD_SparKULee/configs/speech/my_run/model_sweep.yaml,1962,90943866fa2eed7fc022b284bc32fb92b6d06faa9eb3113a5fc6c0faf465dfa1
VAD_SparKULee/configs/speech/my_run/search-space.yaml,VAD_SparKULee/configs/speech/my_run/search-space.yaml,1746,34dffc1ae4f21de3c38d471047589e82c8c4fb5ecb4dde837c59743f764e6327
VAD_SparKULee/configs/speech/scaling/base-config.yaml,VAD_SparKULee/configs/speech/scaling/base-config.yaml,4435,426716e40f6a75952add41eedd8121c839a273488f642a457d557213195ae667
VAD_SparKULee/configs/speech/scaling/search-space.yaml,VAD_SparKULee/configs/speech/scaling/search-space.yaml,919,dad790e62cf874aea34466cc33d875e603d147d6d6d5a7ec2d4646edeae68b59
VAD_SparKULee/tests/test_model_seed_sweep.py,VAD_SparKULee/tests/test_model_seed_sweep.py,3449,6c6c324f8a059b8f4692649844eae0ce5290193e2603b044683d8e02271e61e2
VAD_SparKULee/tests/test_pretrain_result_path.py,VAD_SparKULee/tests/test_pretrain_result_path.py,545,466d447961d096b097ffcc2ce98849a2ff1ac1c83864f3ae532acd20d78eed78
VAD_SparKULee/tests/test_shared_story_search.py,VAD_SparKULee/tests/test_shared_story_search.py,1223,ed0174e017edc3cb94c8d378fa075019e3d827d5c51d6e7cd100371b74dcb7de
VAD_SparKULee/Label_VAD/extract_sparkulee_vad_segments.py,VAD_SparKULee/Label_VAD/extract_sparkulee_vad_segments.py,7590,0697357230eb0db19460319043db25144df9abf6fa6dd02ab1c57c6b2130ee02
VAD_SparKULee/SparKULee/preprocess/extract_eeg_250hz_bp.py,VAD_SparKULee/SparKULee/preprocess/extract_eeg_250hz_bp.py,3110,0cc47a18a50c191e8d4a18c4492cf090dbe313b6e24bebeff6c0eddc9d96c597
VAD_SparKULee/SparKULee/preprocess/job_extract.slurm,VAD_SparKULee/SparKULee/preprocess/job_extract.slurm,942,9f0e9d3dc90769e3207ad0389a82546864e3596d58724dcf8e96c29daf4aa3f9
VAD_MEG_NIPS/Readme.md,VAD_MEG_NIPS/Readme.md,3172,6461b33688de2bf94746e4294354051b7b230fd3a59bd323fbd30eba83f209ca
VAD_MEG_NIPS/environment.yml,VAD_MEG_NIPS/environment.yml,4645,340666b3249c77e47cebd81748168520828a1a567c455d069ab0e99c25ebaf03
VAD_MEG_NIPS/job1.slurm,VAD_MEG_NIPS/job1.slurm,637,155e1a38ec99ece562b8a393e37196a18248020a69b5b730df4ec609f8759a0b
VAD_MEG_NIPS/plot_model_boxplot.py,VAD_MEG_NIPS/plot_model_boxplot.py,4133,1154baad45d498d3dba69c8f88a8973b0952f159047f8106d1d688518354427b
VAD_MEG_NIPS/submit.sh,VAD_MEG_NIPS/submit.sh,3283,237d963a999bfdc2ae68ae7b9a3b63ef530e7f28f0325a6394cb851594094225
VAD_MEG_NIPS/test_brain_magic_subject_projection.py,VAD_MEG_NIPS/test_brain_magic_subject_projection.py,7368,cb5cbd58d2d488563c258d59b5ba3450b02697e9353fbe2c6f7a06766586ffb5
VAD_MEG_NIPS/test_public_baseline_integration.py,VAD_MEG_NIPS/test_public_baseline_integration.py,4791,579fd0004850b4463dd0e93e26dc5b3f804ab15c13d2f102dad413498acbbe82
VAD_MEG_NIPS/speech_code/data_process.py,VAD_MEG_NIPS/speech_code/data_process.py,3475,67960c332c3dfe51dbe43bddb5d6c598673a283a0c2ab72a0f6f39fb6e7d5476
VAD_MEG_NIPS/speech_code/models/__init__.py,VAD_MEG_NIPS/speech_code/models/__init__.py,0,e3b0c44298fc1c149afbf4c8996fb92427ae41e4649b934ca495991b7852b855
VAD_MEG_NIPS/speech_code/models/average_groups.py,VAD_MEG_NIPS/speech_code/models/average_groups.py,872,1a4d14c590eddcd6985c289b091b1c9770b1864deff68cdfaf7f56f06f592482
VAD_MEG_NIPS/speech_code/models/configurable_modules/classification_module.py,VAD_MEG_NIPS/speech_code/models/configurable_modules/classification_module.py,7493,10abe1a54a2d609a04fec51609097c451594a4a5e0041171eb1255e28eab67d6
VAD_MEG_NIPS/speech_code/models/configurable_modules/utils.py,VAD_MEG_NIPS/speech_code/models/configurable_modules/utils.py,4212,28a7ae223678e2574375acea58bd61c2dbe86a9acf6a11e10bf640069a58d415
VAD_MEG_NIPS/speech_code/models/conformer.py,VAD_MEG_NIPS/speech_code/models/conformer.py,5419,e505fa64bf99ba25b52c0f6e253a3529c41405c753f548678cd009ffe2be9a69
VAD_MEG_NIPS/speech_code/models/my_modules/AWaveNet.py,VAD_MEG_NIPS/speech_code/models/my_modules/AWaveNet.py,4476,7f394a7886b60392fc587b77159477a772ef06be00a2a423c12f5e11d6cac44e
VAD_MEG_NIPS/speech_code/models/my_modules/BrainNetwork.py,VAD_MEG_NIPS/speech_code/models/my_modules/BrainNetwork.py,12876,cc5a7250e7b4623b17b1f6d67752afc1cd38d9f851ee23c73717960a5a3e1595
VAD_MEG_NIPS/speech_code/models/my_modules/BrainNetworkSubject.py,VAD_MEG_NIPS/speech_code/models/my_modules/BrainNetworkSubject.py,976,c65374f2c5c241b929b276e4001d06fd12c2c38ea5643f28c80ebe4258803e54
VAD_MEG_NIPS/speech_code/models/my_modules/BrainNetwork_v1.py,VAD_MEG_NIPS/speech_code/models/my_modules/BrainNetwork_v1.py,9903,25d14cd72f2ca4db510122f63dccf02f74c8302b3784bf7a451be1373ff48029
VAD_MEG_NIPS/speech_code/models/my_modules/BrainNetwork_v7.py,VAD_MEG_NIPS/speech_code/models/my_modules/BrainNetwork_v7.py,10691,9cfa45b280da9960d9036019cadcde06bf069f0d67b4da78bebcf0873701d3aa
VAD_MEG_NIPS/speech_code/models/my_modules/BrainNetwork_v7_ablation.py,VAD_MEG_NIPS/speech_code/models/my_modules/BrainNetwork_v7_ablation.py,13184,62a07a1959b58fbbc6c56a65645f73d14ae6fc82c63dd2b22f89f93d550d9eec
VAD_MEG_NIPS/speech_code/models/my_modules/CNNLSTM.py,VAD_MEG_NIPS/speech_code/models/my_modules/CNNLSTM.py,2178,3960ec1076072bd76c76378969f3ec8b1251f7eeb1a07a9bac80572570ad065e
VAD_MEG_NIPS/speech_code/models/my_modules/CNNTCN.py,VAD_MEG_NIPS/speech_code/models/my_modules/CNNTCN.py,3750,c4ab14ef36c43cae1eddb8b1b208e399592ff1a7101305b9327a3f6eb1582b27
VAD_MEG_NIPS/speech_code/models/my_modules/DilatedConv.py,VAD_MEG_NIPS/speech_code/models/my_modules/DilatedConv.py,1779,898e5153b89f8d237a8613e2ca6c4a721c4e0db46e7e833c6b36829e74db2220
VAD_MEG_NIPS/speech_code/models/my_modules/VLAAI.py,VAD_MEG_NIPS/speech_code/models/my_modules/VLAAI.py,2875,84e30f3fd4659037ef7779112b023c273c1582e9a7f4b5d0eb700d8abb82aa0c
VAD_MEG_NIPS/speech_code/models/my_modules/classification_module.py,VAD_MEG_NIPS/speech_code/models/my_modules/classification_module.py,8334,38bb26548d9924432a73c48fca539eceffc5dafcbe16f8edbb90affd19ecfe13
VAD_MEG_NIPS/speech_code/models/my_modules/model_EEG.py,VAD_MEG_NIPS/speech_code/models/my_modules/model_EEG.py,7431,d64a7207fef6451a25a7f090c1f824783d19ac0e0d43b364ce0fc952ff033cf4
VAD_MEG_NIPS/speech_code/models/my_modules/public_baseline_utils.py,VAD_MEG_NIPS/speech_code/models/my_modules/public_baseline_utils.py,2936,3eb8a247efa1538682d4facf397896b678a1d64681ed44c60497f70f4332c112
VAD_MEG_NIPS/speech_code/models/my_modules/utils.py,VAD_MEG_NIPS/speech_code/models/my_modules/utils.py,7553,8f0d1ad3607bd91a12a7f1574ec1f8733f4d79f25dbba10cfb841273e874bbe5
VAD_MEG_NIPS/speech_code/models/my_modules/whisper.py,VAD_MEG_NIPS/speech_code/models/my_modules/whisper.py,6643,17bbad99783748be4344be0b4450c1e025b5f7e16d88e7f5269a1f7e658e9461
VAD_MEG_NIPS/speech_code/models/util_layers.py,VAD_MEG_NIPS/speech_code/models/util_layers.py,200,74a20ea3e741b5b32a43623708970966dc1c8d0949370f7df612caaeb1f5cd97
VAD_MEG_NIPS/speech_code/speech_utils.py,VAD_MEG_NIPS/speech_code/speech_utils.py,21284,8998458574d3f1d690dc3cef181fdae9c4f4862fe0622c58425fa1efab5dd7b7
VAD_MEG_NIPS/speech_code/train.py,VAD_MEG_NIPS/speech_code/train.py,14629,4b30e0d4862d2c56bf0a2d9c1e304ea867eed91783fba9c0f80f33e7669e6144
VAD_MEG_NIPS/speech_code/utils.py,VAD_MEG_NIPS/speech_code/utils.py,27762,7bd973232ef8a336316012bc2e4a205143ecef4fabb93aa42e0e56c204698deb
VAD_MEG_NIPS/configs/speech/full-training/base-config.yaml,VAD_MEG_NIPS/configs/speech/full-training/base-config.yaml,2369,1735c9511a54a39a0b694294e7c229074c895f5c16edbd74b11f4af7d4fff6c6
VAD_MEG_NIPS/configs/speech/full-training/search-space.yaml,VAD_MEG_NIPS/configs/speech/full-training/search-space.yaml,46,d07464559189fd2338117f9cd8f293c800216542a7f2f09a9ae347ef4ea81913
VAD_MEG_NIPS/configs/speech/my_run/config.yaml,VAD_MEG_NIPS/configs/speech/my_run/config.yaml,2547,4343294af942d7c2c43636f985533ddf7f50467573d74270c5c3abb7211e87df
VAD_MEG_NIPS/configs/speech/my_run/model_sweep.yaml,VAD_MEG_NIPS/configs/speech/my_run/model_sweep.yaml,1836,2a3a7427cf17a684c4be8b385f24ad185be992f5bfd7e1af4ed10fd4def0da35
VAD_MEG_NIPS/configs/speech/my_run/search-space.yaml,VAD_MEG_NIPS/configs/speech/my_run/search-space.yaml,677,bcc711834491f09fd46a150079f81896ba446a8071dd720870cae8e3ff9997c3
VAD_MEG_NIPS/configs/speech/scaling/base-config.yaml,VAD_MEG_NIPS/configs/speech/scaling/base-config.yaml,2205,379d3884e642d2ce3fce78e7c8fcbb2078178681af42f299b7af556fe8e39435
VAD_MEG_NIPS/configs/speech/scaling/search-space.yaml,VAD_MEG_NIPS/configs/speech/scaling/search-space.yaml,111,93564d2c67ba56b5cc7b748b94a9fdb72dbc890afee416a046e2c8eda73efe48
VAD_MEG_NIPS/ch_types.npz,VAD_MEG_NIPS/ch_types.npz,4432,498794958d71c5095fb73bb40aa59919d796a42a24e5e775aab2e7cbae10052e
VAD_SEM4Lang/job_single_subject.slurm,VAD_SEM4Lang/job_single_subject.slurm,1547,73265d289cb76ce4eae09daccc5b6934762b072a6d5bf03a2bdb2bb68304d5f8
VAD_SEM4Lang/job_train.slurm,VAD_SEM4Lang/job_train.slurm,1691,ce445bb02063bd9d4557b7419f04c991950654b335bd8b4470e9545f2d38fa4c
VAD_SEM4Lang/plot_model_boxplot.py,VAD_SEM4Lang/plot_model_boxplot.py,5116,d0ef0d79d4def0763a719b5feda6bd29daf2662421658d5dce5709e4a336a37b
VAD_SEM4Lang/submit_single_subject.sh,VAD_SEM4Lang/submit_single_subject.sh,1661,22b006bc0e9b19f07c2891e72baae32f24f0a476889058cbddde03a176da23a2
VAD_SEM4Lang/submit_train.sh,VAD_SEM4Lang/submit_train.sh,4734,f3ba679ece39f3579458ff2adf2b5042c7f780618298394d60eadc8004060ca5
VAD_SEM4Lang/test_brain_magic_subject_projection.py,VAD_SEM4Lang/test_brain_magic_subject_projection.py,7368,cb5cbd58d2d488563c258d59b5ba3450b02697e9353fbe2c6f7a06766586ffb5
VAD_SEM4Lang/test_public_baseline_integration.py,VAD_SEM4Lang/test_public_baseline_integration.py,4514,0630e482d566cef33ed13736e5c58949f17cd92b774a9b83133b1b29970682fa
VAD_SEM4Lang/speech_code/data_process.py,VAD_SEM4Lang/speech_code/data_process.py,4656,3671a3b41e0bd5f5233ef4a7b572278fd7c455aa12bea459b465366f0520f57b
VAD_SEM4Lang/speech_code/data_split.py,VAD_SEM4Lang/speech_code/data_split.py,21017,017147f689445275cc48924173fc659921d0d2f094181f4620e0753d9dd416ab
VAD_SEM4Lang/speech_code/models/__init__.py,VAD_SEM4Lang/speech_code/models/__init__.py,92,d336452fd23e4d4d94e01af4d4a90ec3b3759b7f7e7b7117c41efd033439ca2c
VAD_SEM4Lang/speech_code/models/average_groups.py,VAD_SEM4Lang/speech_code/models/average_groups.py,2205,af5143ff550b1db66a747f5195b59c4382602f68b4153aa13c48b887528d0567
VAD_SEM4Lang/speech_code/models/configurable_modules/classification_module.py,VAD_SEM4Lang/speech_code/models/configurable_modules/classification_module.py,9393,9675a2996de89532e08d11afacc40b53f6671427e4b0c5d97733cd23881fc4b4
VAD_SEM4Lang/speech_code/models/configurable_modules/utils.py,VAD_SEM4Lang/speech_code/models/configurable_modules/utils.py,6011,419d904e849450fdef9f47c3cea96520c49ec3429bdaf40cb5f1afa6f5c87209
VAD_SEM4Lang/speech_code/models/conformer.py,VAD_SEM4Lang/speech_code/models/conformer.py,5836,35e91e52415fc31a7ca66acc7e796be0b4ebc691d0764de96c250cf296632c0a
VAD_SEM4Lang/speech_code/models/my_modules/AWaveNet.py,VAD_SEM4Lang/speech_code/models/my_modules/AWaveNet.py,4863,e46defac8fd2ab8530b978e6dbe31e36f8fe201850b40569a874a420cb2b62e5
VAD_SEM4Lang/speech_code/models/my_modules/BM.py,VAD_SEM4Lang/speech_code/models/my_modules/BM.py,5045,0a37b3d1b57c88063ba37db2cf21a644fccc522d742c1cbdf028e1dda8f48140
VAD_SEM4Lang/speech_code/models/my_modules/BrainNetwork.py,VAD_SEM4Lang/speech_code/models/my_modules/BrainNetwork.py,21436,b5bb19836fce01a2833dea09b185f67d57176782f794c6699b5520ab444e9e3d
VAD_SEM4Lang/speech_code/models/my_modules/BrainNetworkSubject.py,VAD_SEM4Lang/speech_code/models/my_modules/BrainNetworkSubject.py,976,c65374f2c5c241b929b276e4001d06fd12c2c38ea5643f28c80ebe4258803e54
VAD_SEM4Lang/speech_code/models/my_modules/BrainNetwork_ablation.py,VAD_SEM4Lang/speech_code/models/my_modules/BrainNetwork_ablation.py,14669,1ce5340aff15a5c1085d54ce108d65fb8db2500ddd6dd20203688b857a570d06
VAD_SEM4Lang/speech_code/models/my_modules/BrainNetwork_v1.py,VAD_SEM4Lang/speech_code/models/my_modules/BrainNetwork_v1.py,9763,b4537d6f32eb4ba06171119cd576a091df823337ccf7ec3334fccea80ce934f0
VAD_SEM4Lang/speech_code/models/my_modules/BrainNetwork_v2.py,VAD_SEM4Lang/speech_code/models/my_modules/BrainNetwork_v2.py,11249,6eb0fa5d0a830f3ea37f01b5ef50f11ed39a999a6f60fd3b5c978dcab0a62239
VAD_SEM4Lang/speech_code/models/my_modules/BrainNetwork_v3.py,VAD_SEM4Lang/speech_code/models/my_modules/BrainNetwork_v3.py,12453,bc6fff9a680cc3376ec1bd7adf50d7b9f6267dea3e7e28093eb4f6b52d79ea2a
VAD_SEM4Lang/speech_code/models/my_modules/BrainNetwork_v4.py,VAD_SEM4Lang/speech_code/models/my_modules/BrainNetwork_v4.py,10907,d67915d767fe3ead70413277af5bc0e29108d6c9d7bace01b8004d84a51646c8
VAD_SEM4Lang/speech_code/models/my_modules/BrainNetwork_v5.py,VAD_SEM4Lang/speech_code/models/my_modules/BrainNetwork_v5.py,9023,7133bea4936823189564bb5a43311de87ea37a4049880327da2898298e44f53e
VAD_SEM4Lang/speech_code/models/my_modules/BrainNetwork_v6.py,VAD_SEM4Lang/speech_code/models/my_modules/BrainNetwork_v6.py,8681,7cc21966162da62df12fcaff1d09aefa365f6612ba61609904fff18142cdce6c
VAD_SEM4Lang/speech_code/models/my_modules/BrainNetwork_v7.py,VAD_SEM4Lang/speech_code/models/my_modules/BrainNetwork_v7.py,11582,7137935f28eeb8b2a377e43a70ee81e54a06a92cf95f326e252d1763bcadd60d
VAD_SEM4Lang/speech_code/models/my_modules/BrainNetwork_v7_ablation.py,VAD_SEM4Lang/speech_code/models/my_modules/BrainNetwork_v7_ablation.py,14029,b87ba02ce97a5f502a8161ae0e2c0ddac48dd39476d0f737ed4f254029f77873
VAD_SEM4Lang/speech_code/models/my_modules/CNNLSTM.py,VAD_SEM4Lang/speech_code/models/my_modules/CNNLSTM.py,2558,a257f908df2fba28ffc0952cae40ae400c565e3e3aff196c218a3ea552047daf
VAD_SEM4Lang/speech_code/models/my_modules/CNNTCN.py,VAD_SEM4Lang/speech_code/models/my_modules/CNNTCN.py,3750,c4ab14ef36c43cae1eddb8b1b208e399592ff1a7101305b9327a3f6eb1582b27
VAD_SEM4Lang/speech_code/models/my_modules/DilatedConv.py,VAD_SEM4Lang/speech_code/models/my_modules/DilatedConv.py,2177,29f56c307a12fb87898e93f33c765b4145c949a036666fa56f4295feda9bd5de
VAD_SEM4Lang/speech_code/models/my_modules/IMU.py,VAD_SEM4Lang/speech_code/models/my_modules/IMU.py,4280,dde06dd8a75f7c1a6bee73839725076ce2f6f188765534bd2ee2259b427ef0ba
VAD_SEM4Lang/speech_code/models/my_modules/SHINE.py,VAD_SEM4Lang/speech_code/models/my_modules/SHINE.py,9059,989fd68e8abc0a6d76de38c677c3482f1570e162f0a703c48ec50384ccaaf021
VAD_SEM4Lang/speech_code/models/my_modules/VLAAI.py,VAD_SEM4Lang/speech_code/models/my_modules/VLAAI.py,3256,ef6b9b3a605fbbc4196aad71efdc4b55141e6cc346ee434c2f82955d580694fc
VAD_SEM4Lang/speech_code/models/my_modules/classification_module.py,VAD_SEM4Lang/speech_code/models/my_modules/classification_module.py,18814,519f7e72a0e669dac30ccb07c4ed60eb39dc20047708a25d5167a180f1555159
VAD_SEM4Lang/speech_code/models/my_modules/model_EEG.py,VAD_SEM4Lang/speech_code/models/my_modules/model_EEG.py,8135,f1da33f6cc9a4b8e4e48f7d2362d7dda9d8c376a0e37fdeb8c0a04ab4ca176c9
VAD_SEM4Lang/speech_code/models/my_modules/model_fusion.py,VAD_SEM4Lang/speech_code/models/my_modules/model_fusion.py,18977,49103768e7b91d628a54f1dc0337d6fe1de4ec3432c138d83b2555eb05c65c13
VAD_SEM4Lang/speech_code/models/my_modules/public_baseline_utils.py,VAD_SEM4Lang/speech_code/models/my_modules/public_baseline_utils.py,2936,3eb8a247efa1538682d4facf397896b678a1d64681ed44c60497f70f4332c112
VAD_SEM4Lang/speech_code/models/my_modules/train_segment_fusion_clip_v4.py,VAD_SEM4Lang/speech_code/models/my_modules/train_segment_fusion_clip_v4.py,36751,d2bd4bf36921f2aef51e77aee99a21772605ec3c3c7c4186bef73a9930f7a5ef
VAD_SEM4Lang/speech_code/models/my_modules/utils.py,VAD_SEM4Lang/speech_code/models/my_modules/utils.py,15613,453b8fc7e8f405bdd2b08f5ab53ba42e4576e9949b5f4f3056160356998e1d52
VAD_SEM4Lang/speech_code/models/my_modules/whisper.py,VAD_SEM4Lang/speech_code/models/my_modules/whisper.py,13813,8d68ae67047c005ae991d8e1f2e6c83bbfc126fc1c7fb92783538ca283bc435a
VAD_SEM4Lang/speech_code/models/util_layers.py,VAD_SEM4Lang/speech_code/models/util_layers.py,907,f711bcbb5aa9d63081a20edeadd1eaddf4dccbfe356180c5f1bd1d1ff982b50d
VAD_SEM4Lang/speech_code/speech_utils.py,VAD_SEM4Lang/speech_code/speech_utils.py,17554,0a2d47788bbd8f46db6d0f90e7001af04dc50248416f6de892e8d66eabc302fc
VAD_SEM4Lang/speech_code/train.py,VAD_SEM4Lang/speech_code/train.py,42875,7dfc88cc695d60d5bc58c94a7cbdcaaff5cfada867df8668bc8bd1874ba20b95
VAD_SEM4Lang/speech_code/train_v1.py,VAD_SEM4Lang/speech_code/train_v1.py,22577,0c7a953816e94821b3fa20a23abfc848dcc9fb92bbb1843bc4fb5f07d0eadee0
VAD_SEM4Lang/speech_code/utils.py,VAD_SEM4Lang/speech_code/utils.py,46562,a7f1d93d034d3e4945cc6f1e0828606dc639b4f94467fc476fa335102df3230c
VAD_SEM4Lang/configs/speech/full-training/base-config.yaml,VAD_SEM4Lang/configs/speech/full-training/base-config.yaml,5951,e92c14a680af10ebc963e9b28bd07f1a1e896ff61dc981f971b4341b5e617f26
VAD_SEM4Lang/configs/speech/full-training/search-space.yaml,VAD_SEM4Lang/configs/speech/full-training/search-space.yaml,743,493d6903e3d3c1a3d1b74d7fbbb7f25b749d2deb98692464ad09c8230328056f
VAD_SEM4Lang/configs/speech/my_run/config.yaml,VAD_SEM4Lang/configs/speech/my_run/config.yaml,3202,3462f9e78648f97d43a5907184c106e1ae9bebfc90ca3f55f8e926fdc471bf16
VAD_SEM4Lang/configs/speech/my_run/model_sweep.yaml,VAD_SEM4Lang/configs/speech/my_run/model_sweep.yaml,1963,05afc5a72cecd5c70300a834f1d5839fe57b33f212ffec1e1c9d66f6cf37e1ee
VAD_SEM4Lang/configs/speech/my_run/search-space.yaml,VAD_SEM4Lang/configs/speech/my_run/search-space.yaml,851,9841e80d48fd7f64a7a307ccafad64c4215681871e8bccb66e3fd6ac35eed3c9
VAD_SEM4Lang/configs/speech/scaling/base-config.yaml,VAD_SEM4Lang/configs/speech/scaling/base-config.yaml,4435,426716e40f6a75952add41eedd8121c839a273488f642a457d557213195ae667
VAD_SEM4Lang/configs/speech/scaling/search-space.yaml,VAD_SEM4Lang/configs/speech/scaling/search-space.yaml,919,dad790e62cf874aea34466cc33d875e603d147d6d6d5a7ec2d4646edeae68b59
VAD_SEM4Lang/preprocess/ch_transform.py,VAD_SEM4Lang/preprocess/ch_transform.py,818,1b1bccda93698e1ee6bdd29b7bdd3f8dafbdcc8b9ea98ed2a4dc8420a65d4c3e
VAD_SEM4Lang/Label_VAD/extract_vad_segments.py,VAD_SEM4Lang/Label_VAD/extract_vad_segments.py,4289,81a0d1d49b62c6204bb49a715d296525ac5ad0c6f02eb00957f118af6a439951
VAD_SEM4Lang/Label_VAD/plot_envelope_with_vad.py,VAD_SEM4Lang/Label_VAD/plot_envelope_with_vad.py,5279,a351aaab9678116eae8defd687e8ce02259317605aae817e2b83cb67de8c6a65
VAD_SEM4Lang/Label_VAD/job_extract_vad.slurm,VAD_SEM4Lang/Label_VAD/job_extract_vad.slurm,1097,56899ac84163a857edd4ccd8672717bf8f65fdbf307554bc82215f873e06b31f
VAD_SEM4Lang/Label_VAD/env/extract_envelope.py,VAD_SEM4Lang/Label_VAD/env/extract_envelope.py,4282,4196c16b7a391b5f1bbeb25564053b2dba624d14fc0fc789bf1d7a89e6bbd19c
VAD_SEM4Lang/SEM4Lang/preprocess_meg.py,VAD_SEM4Lang/SEM4Lang/preprocess_meg.py,5411,134bdb949febe9bb60a29a12dd8796eba1ddf7218b796f84eed56c3d944d8138
VAD_SEM4Lang/SEM4Lang/job_preprocess_meg.slurm,VAD_SEM4Lang/SEM4Lang/job_preprocess_meg.slurm,853,9b99c411644ab700ce2d3f17a7e297f36afd0ebf3446bd7e4aa2289169aeb893
VAD_pkueeg_scaling/README.md,VAD_pkueeg_scaling/README.md,1776,e7cc38329605cade963f90de05f8890464886e73419787458f8ff1033f3493f5
VAD_pkueeg_scaling/job_scaling.slurm,VAD_pkueeg_scaling/job_scaling.slurm,1132,b1900d09e98c8ad632d4d68af6ab0af92dd2a3c664953acb3e4567eefbbd5ea0
VAD_pkueeg_scaling/submit_scaling.sh,VAD_pkueeg_scaling/submit_scaling.sh,2457,0e9d5bb29f9eb618976d47cbd3932f898d1994a6264796252535e403c34c6d6e
VAD_pkueeg_scaling/train_scaling.py,VAD_pkueeg_scaling/train_scaling.py,8914,b5fb234abff21b2166587e6528f0478e360146eb25e9ca13be06f4498a5e645a
VAD_pkueeg_scaling/speech_code/data_process.py,VAD_pkueeg_scaling/speech_code/data_process.py,4656,3671a3b41e0bd5f5233ef4a7b572278fd7c455aa12bea459b465366f0520f57b
VAD_pkueeg_scaling/speech_code/data_split.py,VAD_pkueeg_scaling/speech_code/data_split.py,21017,017147f689445275cc48924173fc659921d0d2f094181f4620e0753d9dd416ab
VAD_pkueeg_scaling/speech_code/models/__init__.py,VAD_pkueeg_scaling/speech_code/models/__init__.py,92,d336452fd23e4d4d94e01af4d4a90ec3b3759b7f7e7b7117c41efd033439ca2c
VAD_pkueeg_scaling/speech_code/models/average_groups.py,VAD_pkueeg_scaling/speech_code/models/average_groups.py,2205,af5143ff550b1db66a747f5195b59c4382602f68b4153aa13c48b887528d0567
VAD_pkueeg_scaling/speech_code/models/configurable_modules/classification_module.py,VAD_pkueeg_scaling/speech_code/models/configurable_modules/classification_module.py,9393,9675a2996de89532e08d11afacc40b53f6671427e4b0c5d97733cd23881fc4b4
VAD_pkueeg_scaling/speech_code/models/configurable_modules/utils.py,VAD_pkueeg_scaling/speech_code/models/configurable_modules/utils.py,6011,419d904e849450fdef9f47c3cea96520c49ec3429bdaf40cb5f1afa6f5c87209
VAD_pkueeg_scaling/speech_code/models/conformer.py,VAD_pkueeg_scaling/speech_code/models/conformer.py,5836,35e91e52415fc31a7ca66acc7e796be0b4ebc691d0764de96c250cf296632c0a
VAD_pkueeg_scaling/speech_code/models/my_modules/AWaveNet.py,VAD_pkueeg_scaling/speech_code/models/my_modules/AWaveNet.py,4863,e46defac8fd2ab8530b978e6dbe31e36f8fe201850b40569a874a420cb2b62e5
VAD_pkueeg_scaling/speech_code/models/my_modules/BM.py,VAD_pkueeg_scaling/speech_code/models/my_modules/BM.py,5045,0a37b3d1b57c88063ba37db2cf21a644fccc522d742c1cbdf028e1dda8f48140
VAD_pkueeg_scaling/speech_code/models/my_modules/BrainNetwork.py,VAD_pkueeg_scaling/speech_code/models/my_modules/BrainNetwork.py,21436,b5bb19836fce01a2833dea09b185f67d57176782f794c6699b5520ab444e9e3d
VAD_pkueeg_scaling/speech_code/models/my_modules/BrainNetwork_ablation.py,VAD_pkueeg_scaling/speech_code/models/my_modules/BrainNetwork_ablation.py,14669,1ce5340aff15a5c1085d54ce108d65fb8db2500ddd6dd20203688b857a570d06
VAD_pkueeg_scaling/speech_code/models/my_modules/BrainNetwork_v1.py,VAD_pkueeg_scaling/speech_code/models/my_modules/BrainNetwork_v1.py,11251,b1a3c7a0445c7b88703eeec4630c693898ebf8357226dde9801d604230378fd3
VAD_pkueeg_scaling/speech_code/models/my_modules/BrainNetwork_v2.py,VAD_pkueeg_scaling/speech_code/models/my_modules/BrainNetwork_v2.py,11249,6eb0fa5d0a830f3ea37f01b5ef50f11ed39a999a6f60fd3b5c978dcab0a62239
VAD_pkueeg_scaling/speech_code/models/my_modules/BrainNetwork_v3.py,VAD_pkueeg_scaling/speech_code/models/my_modules/BrainNetwork_v3.py,12453,bc6fff9a680cc3376ec1bd7adf50d7b9f6267dea3e7e28093eb4f6b52d79ea2a
VAD_pkueeg_scaling/speech_code/models/my_modules/BrainNetwork_v4.py,VAD_pkueeg_scaling/speech_code/models/my_modules/BrainNetwork_v4.py,10907,d67915d767fe3ead70413277af5bc0e29108d6c9d7bace01b8004d84a51646c8
VAD_pkueeg_scaling/speech_code/models/my_modules/BrainNetwork_v5.py,VAD_pkueeg_scaling/speech_code/models/my_modules/BrainNetwork_v5.py,9023,7133bea4936823189564bb5a43311de87ea37a4049880327da2898298e44f53e
VAD_pkueeg_scaling/speech_code/models/my_modules/BrainNetwork_v6.py,VAD_pkueeg_scaling/speech_code/models/my_modules/BrainNetwork_v6.py,8681,7cc21966162da62df12fcaff1d09aefa365f6612ba61609904fff18142cdce6c
VAD_pkueeg_scaling/speech_code/models/my_modules/BrainNetwork_v7.py,VAD_pkueeg_scaling/speech_code/models/my_modules/BrainNetwork_v7.py,11582,7137935f28eeb8b2a377e43a70ee81e54a06a92cf95f326e252d1763bcadd60d
VAD_pkueeg_scaling/speech_code/models/my_modules/BrainNetwork_v7_ablation.py,VAD_pkueeg_scaling/speech_code/models/my_modules/BrainNetwork_v7_ablation.py,14029,b87ba02ce97a5f502a8161ae0e2c0ddac48dd39476d0f737ed4f254029f77873
VAD_pkueeg_scaling/speech_code/models/my_modules/CNNLSTM.py,VAD_pkueeg_scaling/speech_code/models/my_modules/CNNLSTM.py,2558,a257f908df2fba28ffc0952cae40ae400c565e3e3aff196c218a3ea552047daf
VAD_pkueeg_scaling/speech_code/models/my_modules/DilatedConv.py,VAD_pkueeg_scaling/speech_code/models/my_modules/DilatedConv.py,2177,29f56c307a12fb87898e93f33c765b4145c949a036666fa56f4295feda9bd5de
VAD_pkueeg_scaling/speech_code/models/my_modules/IMU.py,VAD_pkueeg_scaling/speech_code/models/my_modules/IMU.py,4280,dde06dd8a75f7c1a6bee73839725076ce2f6f188765534bd2ee2259b427ef0ba
VAD_pkueeg_scaling/speech_code/models/my_modules/SHINE.py,VAD_pkueeg_scaling/speech_code/models/my_modules/SHINE.py,9059,989fd68e8abc0a6d76de38c677c3482f1570e162f0a703c48ec50384ccaaf021
VAD_pkueeg_scaling/speech_code/models/my_modules/VLAAI.py,VAD_pkueeg_scaling/speech_code/models/my_modules/VLAAI.py,3256,ef6b9b3a605fbbc4196aad71efdc4b55141e6cc346ee434c2f82955d580694fc
VAD_pkueeg_scaling/speech_code/models/my_modules/classification_module.py,VAD_pkueeg_scaling/speech_code/models/my_modules/classification_module.py,18965,2b93fae13bca74899827bd108e5a8133ba97c5f481dfb619dd0d733b47dfed85
VAD_pkueeg_scaling/speech_code/models/my_modules/model_EEG.py,VAD_pkueeg_scaling/speech_code/models/my_modules/model_EEG.py,8135,f1da33f6cc9a4b8e4e48f7d2362d7dda9d8c376a0e37fdeb8c0a04ab4ca176c9
VAD_pkueeg_scaling/speech_code/models/my_modules/model_fusion.py,VAD_pkueeg_scaling/speech_code/models/my_modules/model_fusion.py,18977,49103768e7b91d628a54f1dc0337d6fe1de4ec3432c138d83b2555eb05c65c13
VAD_pkueeg_scaling/speech_code/models/my_modules/train_segment_fusion_clip_v4.py,VAD_pkueeg_scaling/speech_code/models/my_modules/train_segment_fusion_clip_v4.py,36751,d2bd4bf36921f2aef51e77aee99a21772605ec3c3c7c4186bef73a9930f7a5ef
VAD_pkueeg_scaling/speech_code/models/my_modules/utils.py,VAD_pkueeg_scaling/speech_code/models/my_modules/utils.py,15418,2c88c5a12a992cdb7a3e4a2e08aa78d561e2e40919c1f31220949808ffa1dc0c
VAD_pkueeg_scaling/speech_code/models/my_modules/whisper.py,VAD_pkueeg_scaling/speech_code/models/my_modules/whisper.py,13813,8d68ae67047c005ae991d8e1f2e6c83bbfc126fc1c7fb92783538ca283bc435a
VAD_pkueeg_scaling/speech_code/models/util_layers.py,VAD_pkueeg_scaling/speech_code/models/util_layers.py,907,f711bcbb5aa9d63081a20edeadd1eaddf4dccbfe356180c5f1bd1d1ff982b50d
VAD_pkueeg_scaling/speech_code/speech_utils.py,VAD_pkueeg_scaling/speech_code/speech_utils.py,17320,b99b19ea53a6ac2cd81b442c1f938ee276c8a3cdc4e180090b8c4da2112215d0
VAD_pkueeg_scaling/speech_code/train.py,VAD_pkueeg_scaling/speech_code/train.py,42089,3bf9df0ea0846c6b0c2a879186444cf48c5ec18d5192909a63c8b884051540cd
VAD_pkueeg_scaling/speech_code/train_v1.py,VAD_pkueeg_scaling/speech_code/train_v1.py,25019,fa63a9a049af8407c5fcdfaabf494e027a12f6d671f0ea3d8e29efa63927c0cc
VAD_pkueeg_scaling/speech_code/utils.py,VAD_pkueeg_scaling/speech_code/utils.py,39795,9ca67804e27ff28bb596ad72f0f948b7b1b05b9523523061a1beb7bf23703131
VAD_pkueeg_scaling/configs/scaling/config.yaml,VAD_pkueeg_scaling/configs/scaling/config.yaml,1837,b6e4daf21be6fc6ef489c9c5179d2f9f86e208afd10d0896a7c6c0510dbb7f7d
VAD_pkueeg_scaling/configs/speech/full-training/base-config.yaml,VAD_pkueeg_scaling/configs/speech/full-training/base-config.yaml,5951,e92c14a680af10ebc963e9b28bd07f1a1e896ff61dc981f971b4341b5e617f26
VAD_pkueeg_scaling/configs/speech/full-training/search-space.yaml,VAD_pkueeg_scaling/configs/speech/full-training/search-space.yaml,743,493d6903e3d3c1a3d1b74d7fbbb7f25b749d2deb98692464ad09c8230328056f
VAD_pkueeg_scaling/configs/speech/my_run/config.yaml,VAD_pkueeg_scaling/configs/speech/my_run/config.yaml,8412,cc041f7e5848368ab224cdfa0335e7f5e13e37b7db16fa3c83838b89d38ef938
VAD_pkueeg_scaling/configs/speech/my_run/model_sweep.yaml,VAD_pkueeg_scaling/configs/speech/my_run/model_sweep.yaml,1756,c8f6560fb795f79de4d7cd649d95ae2d75002de1733a72b46fbf3183926b2999
VAD_pkueeg_scaling/configs/speech/my_run/search-space.yaml,VAD_pkueeg_scaling/configs/speech/my_run/search-space.yaml,1086,63384b5411c85696cdfa838fde864c0b5c7d0f07ce711b3f1065fdf9528cbed2
VAD_pkueeg_scaling/configs/speech/scaling/base-config.yaml,VAD_pkueeg_scaling/configs/speech/scaling/base-config.yaml,4435,426716e40f6a75952add41eedd8121c839a273488f642a457d557213195ae667
VAD_pkueeg_scaling/configs/speech/scaling/search-space.yaml,VAD_pkueeg_scaling/configs/speech/scaling/search-space.yaml,919,dad790e62cf874aea34466cc33d875e603d147d6d6d5a7ec2d4646edeae68b59
VAD_pkueeg_scaling/tests/test_scaling.py,VAD_pkueeg_scaling/tests/test_scaling.py,1988,d43db939a09b7023b5ed6fd8ec69b54bad48bd9210630d6952078a41198d76ae
VAD_pkueeg_scaling/scaling/__init__.py,VAD_pkueeg_scaling/scaling/__init__.py,67,40e8bdb801323a6914d5ffdfd3452fe681eb92f9fb3e374c9648efa50cb25887
VAD_pkueeg_scaling/scaling/aggregate_results.py,VAD_pkueeg_scaling/scaling/aggregate_results.py,5835,9f6aa1dca766624f9adc3434029fca23cced968e03ef4d59572db175bae2fd5e
VAD_pkueeg_scaling/scaling/duration.py,VAD_pkueeg_scaling/scaling/duration.py,860,a102086389b319265b4dc41d333b3eb8870238caecc242c6f04c452310f9b688
VAD_pkueeg_scaling/scaling/evaluate.py,VAD_pkueeg_scaling/scaling/evaluate.py,6653,a756ec54f85e0ce9336135ac4e6401c94ea423410beeda540496d43449fe0d83
VAD_pkueeg_scaling/scaling/metrics.py,VAD_pkueeg_scaling/scaling/metrics.py,1269,cb901bf91188cd71c2051862a6eb96155ee5e21f63f4eb43ecd136a9845e16cc
VAD_pkueeg_scaling/scaling/subset.py,VAD_pkueeg_scaling/scaling/subset.py,2252,7d26f9ffa861bbbb4eb6972bfab4dd7d1464e1bee5f8d5a43190c2dfd6683a01
VAD_pkueeg_scaling/preprocess/ch_transform.py,VAD_pkueeg_scaling/preprocess/ch_transform.py,818,1b1bccda93698e1ee6bdd29b7bdd3f8dafbdcc8b9ea98ed2a4dc8420a65d4c3e
VAD_SParKULee_scaling/README.md,VAD_SParKULee_scaling/README.md,1906,83e04979bb4b23d056d85320425279c3ce58f648db8305ec1f7b794d9f54a6dd
VAD_SParKULee_scaling/job_scaling.slurm,VAD_SParKULee_scaling/job_scaling.slurm,1246,c5db5c4abc6a09aad56cb2e46536d348a7121a32d7fbf3004e61432a2b4f5735
VAD_SParKULee_scaling/submit_scaling.sh,VAD_SParKULee_scaling/submit_scaling.sh,2790,b51513830f82501bf43c805a24b4ff78625406790e6d667f3b3524dfc649621f
VAD_SParKULee_scaling/train_scaling.py,VAD_SParKULee_scaling/train_scaling.py,13049,095943c55588766f4873b81dcc4fdf50d417759fb5c59345312c525eb9e189c8
VAD_SParKULee_scaling/speech_code/data_process.py,VAD_SParKULee_scaling/speech_code/data_process.py,4656,3671a3b41e0bd5f5233ef4a7b572278fd7c455aa12bea459b465366f0520f57b
VAD_SParKULee_scaling/speech_code/data_split.py,VAD_SParKULee_scaling/speech_code/data_split.py,22648,99add457a75e3bd31e73a87668d03373075a17be3052af62bb452c9f94840229
VAD_SParKULee_scaling/speech_code/models/__init__.py,VAD_SParKULee_scaling/speech_code/models/__init__.py,92,d336452fd23e4d4d94e01af4d4a90ec3b3759b7f7e7b7117c41efd033439ca2c
VAD_SParKULee_scaling/speech_code/models/average_groups.py,VAD_SParKULee_scaling/speech_code/models/average_groups.py,2205,af5143ff550b1db66a747f5195b59c4382602f68b4153aa13c48b887528d0567
VAD_SParKULee_scaling/speech_code/models/configurable_modules/classification_module.py,VAD_SParKULee_scaling/speech_code/models/configurable_modules/classification_module.py,9393,9675a2996de89532e08d11afacc40b53f6671427e4b0c5d97733cd23881fc4b4
VAD_SParKULee_scaling/speech_code/models/configurable_modules/utils.py,VAD_SParKULee_scaling/speech_code/models/configurable_modules/utils.py,6011,419d904e849450fdef9f47c3cea96520c49ec3429bdaf40cb5f1afa6f5c87209
VAD_SParKULee_scaling/speech_code/models/conformer.py,VAD_SParKULee_scaling/speech_code/models/conformer.py,5836,35e91e52415fc31a7ca66acc7e796be0b4ebc691d0764de96c250cf296632c0a
VAD_SParKULee_scaling/speech_code/models/my_modules/AWaveNet.py,VAD_SParKULee_scaling/speech_code/models/my_modules/AWaveNet.py,4863,e46defac8fd2ab8530b978e6dbe31e36f8fe201850b40569a874a420cb2b62e5
VAD_SParKULee_scaling/speech_code/models/my_modules/BM.py,VAD_SParKULee_scaling/speech_code/models/my_modules/BM.py,5045,0a37b3d1b57c88063ba37db2cf21a644fccc522d742c1cbdf028e1dda8f48140
VAD_SParKULee_scaling/speech_code/models/my_modules/BrainNetwork.py,VAD_SParKULee_scaling/speech_code/models/my_modules/BrainNetwork.py,21436,b5bb19836fce01a2833dea09b185f67d57176782f794c6699b5520ab444e9e3d
VAD_SParKULee_scaling/speech_code/models/my_modules/BrainNetwork_ablation.py,VAD_SParKULee_scaling/speech_code/models/my_modules/BrainNetwork_ablation.py,14669,1ce5340aff15a5c1085d54ce108d65fb8db2500ddd6dd20203688b857a570d06
VAD_SParKULee_scaling/speech_code/models/my_modules/BrainNetwork_v1.py,VAD_SParKULee_scaling/speech_code/models/my_modules/BrainNetwork_v1.py,9763,b4537d6f32eb4ba06171119cd576a091df823337ccf7ec3334fccea80ce934f0
VAD_SParKULee_scaling/speech_code/models/my_modules/BrainNetwork_v2.py,VAD_SParKULee_scaling/speech_code/models/my_modules/BrainNetwork_v2.py,10354,67bd4b6f1e453f7c2c35cc6f32122b84c1169c5ee84a8f3da2ee494583bd6e36
VAD_SParKULee_scaling/speech_code/models/my_modules/BrainNetwork_v4.py,VAD_SParKULee_scaling/speech_code/models/my_modules/BrainNetwork_v4.py,10907,d67915d767fe3ead70413277af5bc0e29108d6c9d7bace01b8004d84a51646c8
VAD_SParKULee_scaling/speech_code/models/my_modules/BrainNetwork_v7.py,VAD_SParKULee_scaling/speech_code/models/my_modules/BrainNetwork_v7.py,11582,7137935f28eeb8b2a377e43a70ee81e54a06a92cf95f326e252d1763bcadd60d
VAD_SParKULee_scaling/speech_code/models/my_modules/BrainNetwork_v7_ablation.py,VAD_SParKULee_scaling/speech_code/models/my_modules/BrainNetwork_v7_ablation.py,14029,b87ba02ce97a5f502a8161ae0e2c0ddac48dd39476d0f737ed4f254029f77873
VAD_SParKULee_scaling/speech_code/models/my_modules/CNNLSTM.py,VAD_SParKULee_scaling/speech_code/models/my_modules/CNNLSTM.py,2558,a257f908df2fba28ffc0952cae40ae400c565e3e3aff196c218a3ea552047daf
VAD_SParKULee_scaling/speech_code/models/my_modules/DilatedConv.py,VAD_SParKULee_scaling/speech_code/models/my_modules/DilatedConv.py,2177,29f56c307a12fb87898e93f33c765b4145c949a036666fa56f4295feda9bd5de
VAD_SParKULee_scaling/speech_code/models/my_modules/IMU.py,VAD_SParKULee_scaling/speech_code/models/my_modules/IMU.py,4280,dde06dd8a75f7c1a6bee73839725076ce2f6f188765534bd2ee2259b427ef0ba
VAD_SParKULee_scaling/speech_code/models/my_modules/SHINE.py,VAD_SParKULee_scaling/speech_code/models/my_modules/SHINE.py,9059,989fd68e8abc0a6d76de38c677c3482f1570e162f0a703c48ec50384ccaaf021
VAD_SParKULee_scaling/speech_code/models/my_modules/VLAAI.py,VAD_SParKULee_scaling/speech_code/models/my_modules/VLAAI.py,3256,ef6b9b3a605fbbc4196aad71efdc4b55141e6cc346ee434c2f82955d580694fc
VAD_SParKULee_scaling/speech_code/models/my_modules/classification_module.py,VAD_SParKULee_scaling/speech_code/models/my_modules/classification_module.py,17671,1a1761ac335d2309c2afe3c2746b73b45640bef7a7943baf373e24b928b09d97
VAD_SParKULee_scaling/speech_code/models/my_modules/model_EEG.py,VAD_SParKULee_scaling/speech_code/models/my_modules/model_EEG.py,8135,f1da33f6cc9a4b8e4e48f7d2362d7dda9d8c376a0e37fdeb8c0a04ab4ca176c9
VAD_SParKULee_scaling/speech_code/models/my_modules/utils.py,VAD_SParKULee_scaling/speech_code/models/my_modules/utils.py,14326,853939bbfc9048599db21107ce0646d7689124ba02a946ec14e625588ed8be29
VAD_SParKULee_scaling/speech_code/models/my_modules/whisper.py,VAD_SParKULee_scaling/speech_code/models/my_modules/whisper.py,13813,8d68ae67047c005ae991d8e1f2e6c83bbfc126fc1c7fb92783538ca283bc435a
VAD_SParKULee_scaling/speech_code/models/util_layers.py,VAD_SParKULee_scaling/speech_code/models/util_layers.py,907,f711bcbb5aa9d63081a20edeadd1eaddf4dccbfe356180c5f1bd1d1ff982b50d
VAD_SParKULee_scaling/speech_code/speech_utils.py,VAD_SParKULee_scaling/speech_code/speech_utils.py,16824,e5696ebb6f390f26fea443c2112ef3bfae0a5d11ab9df3e842aa47eae45ee41d
VAD_SParKULee_scaling/speech_code/train.py,VAD_SParKULee_scaling/speech_code/train.py,42976,a4a9796939ee61fcd21e10a6807b5834cad0e353e8b37a9914a3d4f368c171ee
VAD_SParKULee_scaling/speech_code/train_v1.py,VAD_SParKULee_scaling/speech_code/train_v1.py,24590,8152d3b2090feaed5e2d7168df22c5632a49ea9eba4d9acd6f9dff426f1f1eb3
VAD_SParKULee_scaling/speech_code/utils.py,VAD_SParKULee_scaling/speech_code/utils.py,50518,4a841c0899b1adf3555ef429a19aaff45e7ed350dfb40cd005e2d292ae39ca62
VAD_SParKULee_scaling/configs/scaling/config.yaml,VAD_SParKULee_scaling/configs/scaling/config.yaml,1408,abc1179102195ddfe9bb44b9a208d7fe88c0d69ca6c2b170b663811e5d2cd065
VAD_SParKULee_scaling/tests/test_data_integration.py,VAD_SParKULee_scaling/tests/test_data_integration.py,4278,d4f80cdb9e2cb97033a775363d07ccc1998ffd38851b7353ffd1f1694af64ddb
VAD_SParKULee_scaling/tests/test_scaling.py,VAD_SParKULee_scaling/tests/test_scaling.py,4349,9dcdf2330db983280ca6e46a0924baa12713906a87c2eed310e45b7a6fd903e6
VAD_SParKULee_scaling/scaling/__init__.py,VAD_SParKULee_scaling/scaling/__init__.py,49,a7d3b54daa68e71c694caedbeb781c93e0e5b2d7498ecd0d34b2226ecaaa6618
VAD_SParKULee_scaling/scaling/aggregate_results.py,VAD_SParKULee_scaling/scaling/aggregate_results.py,6092,f0360cae19f2350049c05e35d10e2b93cd5722e3f41e4bfd76403626abb45460
VAD_SParKULee_scaling/scaling/duration.py,VAD_SParKULee_scaling/scaling/duration.py,860,a102086389b319265b4dc41d333b3eb8870238caecc242c6f04c452310f9b688
VAD_SParKULee_scaling/scaling/evaluate.py,VAD_SParKULee_scaling/scaling/evaluate.py,6806,e91041505b7da63ec7a9bc5b73f61e25f13cbebfedea25a4427e476a3cb8a673
VAD_SParKULee_scaling/scaling/metrics.py,VAD_SParKULee_scaling/scaling/metrics.py,1269,cb901bf91188cd71c2051862a6eb96155ee5e21f63f4eb43ecd136a9845e16cc
VAD_SParKULee_scaling/scaling/subset.py,VAD_SParKULee_scaling/scaling/subset.py,5025,a8eff3b6243aa579f4b9cf054799785b20a70d3ea1a6209c69d4b81424320174
VAD_MEG_NIPS_scaling/README.md,VAD_MEG_NIPS_scaling/README.md,2117,7669aff42e1c353c30e74ed47e2e8782d72f3e87b4b6b98484f1d30ac2d3b4e0
VAD_MEG_NIPS_scaling/job_scaling.slurm,VAD_MEG_NIPS_scaling/job_scaling.slurm,1167,4b4801e7d56c3b088c050268d2332ccb7da4a80218bf2a92a8c311fd0be3330d
VAD_MEG_NIPS_scaling/submit_scaling.sh,VAD_MEG_NIPS_scaling/submit_scaling.sh,3125,7694f7dc93263920b6fad09dfa7e7dfcd4387698e9faa2ec30e2447776c9e0af
VAD_MEG_NIPS_scaling/train_scaling.py,VAD_MEG_NIPS_scaling/train_scaling.py,11644,0ed52a44102ae90f8629b44d3d933183fb0918009a9c35ca1cd28daf82b04631
VAD_MEG_NIPS_scaling/speech_code/data_process.py,VAD_MEG_NIPS_scaling/speech_code/data_process.py,3475,67960c332c3dfe51dbe43bddb5d6c598673a283a0c2ab72a0f6f39fb6e7d5476
VAD_MEG_NIPS_scaling/speech_code/models/__init__.py,VAD_MEG_NIPS_scaling/speech_code/models/__init__.py,0,e3b0c44298fc1c149afbf4c8996fb92427ae41e4649b934ca495991b7852b855
VAD_MEG_NIPS_scaling/speech_code/models/average_groups.py,VAD_MEG_NIPS_scaling/speech_code/models/average_groups.py,872,1a4d14c590eddcd6985c289b091b1c9770b1864deff68cdfaf7f56f06f592482
VAD_MEG_NIPS_scaling/speech_code/models/configurable_modules/classification_module.py,VAD_MEG_NIPS_scaling/speech_code/models/configurable_modules/classification_module.py,7493,10abe1a54a2d609a04fec51609097c451594a4a5e0041171eb1255e28eab67d6
VAD_MEG_NIPS_scaling/speech_code/models/configurable_modules/utils.py,VAD_MEG_NIPS_scaling/speech_code/models/configurable_modules/utils.py,4212,28a7ae223678e2574375acea58bd61c2dbe86a9acf6a11e10bf640069a58d415
VAD_MEG_NIPS_scaling/speech_code/models/conformer.py,VAD_MEG_NIPS_scaling/speech_code/models/conformer.py,5419,e505fa64bf99ba25b52c0f6e253a3529c41405c753f548678cd009ffe2be9a69
VAD_MEG_NIPS_scaling/speech_code/models/my_modules/AWaveNet.py,VAD_MEG_NIPS_scaling/speech_code/models/my_modules/AWaveNet.py,4476,7f394a7886b60392fc587b77159477a772ef06be00a2a423c12f5e11d6cac44e
VAD_MEG_NIPS_scaling/speech_code/models/my_modules/BrainNetwork.py,VAD_MEG_NIPS_scaling/speech_code/models/my_modules/BrainNetwork.py,12876,cc5a7250e7b4623b17b1f6d67752afc1cd38d9f851ee23c73717960a5a3e1595
VAD_MEG_NIPS_scaling/speech_code/models/my_modules/BrainNetwork_v1.py,VAD_MEG_NIPS_scaling/speech_code/models/my_modules/BrainNetwork_v1.py,9903,25d14cd72f2ca4db510122f63dccf02f74c8302b3784bf7a451be1373ff48029
VAD_MEG_NIPS_scaling/speech_code/models/my_modules/BrainNetwork_v7.py,VAD_MEG_NIPS_scaling/speech_code/models/my_modules/BrainNetwork_v7.py,10691,9cfa45b280da9960d9036019cadcde06bf069f0d67b4da78bebcf0873701d3aa
VAD_MEG_NIPS_scaling/speech_code/models/my_modules/BrainNetwork_v7_ablation.py,VAD_MEG_NIPS_scaling/speech_code/models/my_modules/BrainNetwork_v7_ablation.py,13184,62a07a1959b58fbbc6c56a65645f73d14ae6fc82c63dd2b22f89f93d550d9eec
VAD_MEG_NIPS_scaling/speech_code/models/my_modules/CNNLSTM.py,VAD_MEG_NIPS_scaling/speech_code/models/my_modules/CNNLSTM.py,2178,3960ec1076072bd76c76378969f3ec8b1251f7eeb1a07a9bac80572570ad065e
VAD_MEG_NIPS_scaling/speech_code/models/my_modules/DilatedConv.py,VAD_MEG_NIPS_scaling/speech_code/models/my_modules/DilatedConv.py,1779,898e5153b89f8d237a8613e2ca6c4a721c4e0db46e7e833c6b36829e74db2220
VAD_MEG_NIPS_scaling/speech_code/models/my_modules/VLAAI.py,VAD_MEG_NIPS_scaling/speech_code/models/my_modules/VLAAI.py,2875,84e30f3fd4659037ef7779112b023c273c1582e9a7f4b5d0eb700d8abb82aa0c
VAD_MEG_NIPS_scaling/speech_code/models/my_modules/classification_module.py,VAD_MEG_NIPS_scaling/speech_code/models/my_modules/classification_module.py,8175,b1e45ba843c9de34ec7b4a974e3b25ed346497147e3f5455418f3b7f9f91af4f
VAD_MEG_NIPS_scaling/speech_code/models/my_modules/model_EEG.py,VAD_MEG_NIPS_scaling/speech_code/models/my_modules/model_EEG.py,7431,d64a7207fef6451a25a7f090c1f824783d19ac0e0d43b364ce0fc952ff033cf4
VAD_MEG_NIPS_scaling/speech_code/models/my_modules/utils.py,VAD_MEG_NIPS_scaling/speech_code/models/my_modules/utils.py,7203,8d7c8e98fe9e9b65be54f15d403eb4a23f8b32f66ef1a54081bc1610de7f6692
VAD_MEG_NIPS_scaling/speech_code/models/my_modules/whisper.py,VAD_MEG_NIPS_scaling/speech_code/models/my_modules/whisper.py,6643,17bbad99783748be4344be0b4450c1e025b5f7e16d88e7f5269a1f7e658e9461
VAD_MEG_NIPS_scaling/speech_code/models/util_layers.py,VAD_MEG_NIPS_scaling/speech_code/models/util_layers.py,200,74a20ea3e741b5b32a43623708970966dc1c8d0949370f7df612caaeb1f5cd97
VAD_MEG_NIPS_scaling/speech_code/speech_utils.py,VAD_MEG_NIPS_scaling/speech_code/speech_utils.py,21284,8998458574d3f1d690dc3cef181fdae9c4f4862fe0622c58425fa1efab5dd7b7
VAD_MEG_NIPS_scaling/speech_code/train.py,VAD_MEG_NIPS_scaling/speech_code/train.py,14152,29d50c8cddd8d60d61bd9c8c987979d92956efd10e803b93a689e2dd9594ac9f
VAD_MEG_NIPS_scaling/speech_code/utils.py,VAD_MEG_NIPS_scaling/speech_code/utils.py,30220,6bc5711ef87aedc746523c7622ec595e6b3e8ae3c1625c0b86b70b3f0276cfb8
VAD_MEG_NIPS_scaling/configs/scaling/config.yaml,VAD_MEG_NIPS_scaling/configs/scaling/config.yaml,1186,15d2a76fc4dbb3f5761e98738b926e1b07c8747a0dabad0960c918fbfba37fe7
VAD_MEG_NIPS_scaling/configs/speech/full-training/base-config.yaml,VAD_MEG_NIPS_scaling/configs/speech/full-training/base-config.yaml,2369,1735c9511a54a39a0b694294e7c229074c895f5c16edbd74b11f4af7d4fff6c6
VAD_MEG_NIPS_scaling/configs/speech/full-training/search-space.yaml,VAD_MEG_NIPS_scaling/configs/speech/full-training/search-space.yaml,46,d07464559189fd2338117f9cd8f293c800216542a7f2f09a9ae347ef4ea81913
VAD_MEG_NIPS_scaling/configs/speech/my_run/config.yaml,VAD_MEG_NIPS_scaling/configs/speech/my_run/config.yaml,2547,4343294af942d7c2c43636f985533ddf7f50467573d74270c5c3abb7211e87df
VAD_MEG_NIPS_scaling/configs/speech/my_run/model_sweep.yaml,VAD_MEG_NIPS_scaling/configs/speech/my_run/model_sweep.yaml,1517,9315a93ea1597cce2ed1b144910257a372b536f37e6fdc518fd4e55fbb94eab8
VAD_MEG_NIPS_scaling/configs/speech/my_run/search-space.yaml,VAD_MEG_NIPS_scaling/configs/speech/my_run/search-space.yaml,677,bcc711834491f09fd46a150079f81896ba446a8071dd720870cae8e3ff9997c3
VAD_MEG_NIPS_scaling/configs/speech/scaling/base-config.yaml,VAD_MEG_NIPS_scaling/configs/speech/scaling/base-config.yaml,2205,379d3884e642d2ce3fce78e7c8fcbb2078178681af42f299b7af556fe8e39435
VAD_MEG_NIPS_scaling/configs/speech/scaling/search-space.yaml,VAD_MEG_NIPS_scaling/configs/speech/scaling/search-space.yaml,111,93564d2c67ba56b5cc7b748b94a9fdb72dbc890afee416a046e2c8eda73efe48
VAD_MEG_NIPS_scaling/tests/test_scaling.py,VAD_MEG_NIPS_scaling/tests/test_scaling.py,3662,4d10a560ae808efa8f140574108d465ffb79c0e29cb2843c6ef568fbaffbcb14
VAD_MEG_NIPS_scaling/scaling/__init__.py,VAD_MEG_NIPS_scaling/scaling/__init__.py,75,120f1dd5f7106ca56f2a44bc1a593abbc95871715f6ea2df5f90ddf39a2af403
VAD_MEG_NIPS_scaling/scaling/aggregate_results.py,VAD_MEG_NIPS_scaling/scaling/aggregate_results.py,9541,8c3e99c216f90d1ae82a6f721ba25ef079035647581023ba11c565953624df0c
VAD_MEG_NIPS_scaling/scaling/duration.py,VAD_MEG_NIPS_scaling/scaling/duration.py,1791,553d95d7bf3c458d6af1b3294571c976bd1561b8cfce666dc04e1451f9f8b13b
VAD_MEG_NIPS_scaling/scaling/evaluate.py,VAD_MEG_NIPS_scaling/scaling/evaluate.py,4129,de39dfe242d038d1244f2240ac321b4767f4e85d604052eb3f2d0e8bf6994d71
VAD_MEG_NIPS_scaling/scaling/subset.py,VAD_MEG_NIPS_scaling/scaling/subset.py,2349,411bfe68e58e01bc783f979af2096dc73c8121676130e7b1a60dc65e59df97aa
VAD_MEG_NIPS_scaling/scaling/verify_baseline.py,VAD_MEG_NIPS_scaling/scaling/verify_baseline.py,2766,a3c6d09d47fb97fb67874d144e1747ce9d5938ed8405fde8e8243c3a22357292
VAD_SEM4Lang_scaling/README.md,VAD_SEM4Lang_scaling/README.md,2297,64b9ce0ca903be6306a5dfcf5b35eab91d51ff62ed906766981b1917a53c8590
VAD_SEM4Lang_scaling/job_scaling.slurm,VAD_SEM4Lang_scaling/job_scaling.slurm,1136,f772ce35bc0274e5e147349d892e4c256a19297ea964629a56f3883e2a0e976c
VAD_SEM4Lang_scaling/job_single_subject.slurm,VAD_SEM4Lang_scaling/job_single_subject.slurm,1547,73265d289cb76ce4eae09daccc5b6934762b072a6d5bf03a2bdb2bb68304d5f8
VAD_SEM4Lang_scaling/job_train.slurm,VAD_SEM4Lang_scaling/job_train.slurm,1691,ce445bb02063bd9d4557b7419f04c991950654b335bd8b4470e9545f2d38fa4c
VAD_SEM4Lang_scaling/submit_scaling.sh,VAD_SEM4Lang_scaling/submit_scaling.sh,2690,dd4a964abe56d1f52d4c24e3fd482985b6c106bf714a732cc4e795c3d9f4d795
VAD_SEM4Lang_scaling/submit_single_subject.sh,VAD_SEM4Lang_scaling/submit_single_subject.sh,1661,22b006bc0e9b19f07c2891e72baae32f24f0a476889058cbddde03a176da23a2
VAD_SEM4Lang_scaling/submit_train.sh,VAD_SEM4Lang_scaling/submit_train.sh,4734,f3ba679ece39f3579458ff2adf2b5042c7f780618298394d60eadc8004060ca5
VAD_SEM4Lang_scaling/train_scaling.py,VAD_SEM4Lang_scaling/train_scaling.py,12444,9fbf6f3f5da9d3f09a8141485dac90036767fc006fb8770f4beff2e5422ecc93
VAD_SEM4Lang_scaling/speech_code/data_process.py,VAD_SEM4Lang_scaling/speech_code/data_process.py,4656,3671a3b41e0bd5f5233ef4a7b572278fd7c455aa12bea459b465366f0520f57b
VAD_SEM4Lang_scaling/speech_code/data_split.py,VAD_SEM4Lang_scaling/speech_code/data_split.py,21017,017147f689445275cc48924173fc659921d0d2f094181f4620e0753d9dd416ab
VAD_SEM4Lang_scaling/speech_code/models/__init__.py,VAD_SEM4Lang_scaling/speech_code/models/__init__.py,92,d336452fd23e4d4d94e01af4d4a90ec3b3759b7f7e7b7117c41efd033439ca2c
VAD_SEM4Lang_scaling/speech_code/models/average_groups.py,VAD_SEM4Lang_scaling/speech_code/models/average_groups.py,2205,af5143ff550b1db66a747f5195b59c4382602f68b4153aa13c48b887528d0567
VAD_SEM4Lang_scaling/speech_code/models/configurable_modules/classification_module.py,VAD_SEM4Lang_scaling/speech_code/models/configurable_modules/classification_module.py,9393,9675a2996de89532e08d11afacc40b53f6671427e4b0c5d97733cd23881fc4b4
VAD_SEM4Lang_scaling/speech_code/models/configurable_modules/utils.py,VAD_SEM4Lang_scaling/speech_code/models/configurable_modules/utils.py,6011,419d904e849450fdef9f47c3cea96520c49ec3429bdaf40cb5f1afa6f5c87209
VAD_SEM4Lang_scaling/speech_code/models/conformer.py,VAD_SEM4Lang_scaling/speech_code/models/conformer.py,5836,35e91e52415fc31a7ca66acc7e796be0b4ebc691d0764de96c250cf296632c0a
VAD_SEM4Lang_scaling/speech_code/models/my_modules/AWaveNet.py,VAD_SEM4Lang_scaling/speech_code/models/my_modules/AWaveNet.py,4863,e46defac8fd2ab8530b978e6dbe31e36f8fe201850b40569a874a420cb2b62e5
VAD_SEM4Lang_scaling/speech_code/models/my_modules/BM.py,VAD_SEM4Lang_scaling/speech_code/models/my_modules/BM.py,5045,0a37b3d1b57c88063ba37db2cf21a644fccc522d742c1cbdf028e1dda8f48140
VAD_SEM4Lang_scaling/speech_code/models/my_modules/BrainNetwork.py,VAD_SEM4Lang_scaling/speech_code/models/my_modules/BrainNetwork.py,21436,b5bb19836fce01a2833dea09b185f67d57176782f794c6699b5520ab444e9e3d
VAD_SEM4Lang_scaling/speech_code/models/my_modules/BrainNetwork_ablation.py,VAD_SEM4Lang_scaling/speech_code/models/my_modules/BrainNetwork_ablation.py,14669,1ce5340aff15a5c1085d54ce108d65fb8db2500ddd6dd20203688b857a570d06
VAD_SEM4Lang_scaling/speech_code/models/my_modules/BrainNetwork_v1.py,VAD_SEM4Lang_scaling/speech_code/models/my_modules/BrainNetwork_v1.py,9763,b4537d6f32eb4ba06171119cd576a091df823337ccf7ec3334fccea80ce934f0
VAD_SEM4Lang_scaling/speech_code/models/my_modules/BrainNetwork_v2.py,VAD_SEM4Lang_scaling/speech_code/models/my_modules/BrainNetwork_v2.py,11249,6eb0fa5d0a830f3ea37f01b5ef50f11ed39a999a6f60fd3b5c978dcab0a62239
VAD_SEM4Lang_scaling/speech_code/models/my_modules/BrainNetwork_v3.py,VAD_SEM4Lang_scaling/speech_code/models/my_modules/BrainNetwork_v3.py,12453,bc6fff9a680cc3376ec1bd7adf50d7b9f6267dea3e7e28093eb4f6b52d79ea2a
VAD_SEM4Lang_scaling/speech_code/models/my_modules/BrainNetwork_v4.py,VAD_SEM4Lang_scaling/speech_code/models/my_modules/BrainNetwork_v4.py,10907,d67915d767fe3ead70413277af5bc0e29108d6c9d7bace01b8004d84a51646c8
VAD_SEM4Lang_scaling/speech_code/models/my_modules/BrainNetwork_v5.py,VAD_SEM4Lang_scaling/speech_code/models/my_modules/BrainNetwork_v5.py,9023,7133bea4936823189564bb5a43311de87ea37a4049880327da2898298e44f53e
VAD_SEM4Lang_scaling/speech_code/models/my_modules/BrainNetwork_v6.py,VAD_SEM4Lang_scaling/speech_code/models/my_modules/BrainNetwork_v6.py,8681,7cc21966162da62df12fcaff1d09aefa365f6612ba61609904fff18142cdce6c
VAD_SEM4Lang_scaling/speech_code/models/my_modules/BrainNetwork_v7.py,VAD_SEM4Lang_scaling/speech_code/models/my_modules/BrainNetwork_v7.py,11582,7137935f28eeb8b2a377e43a70ee81e54a06a92cf95f326e252d1763bcadd60d
VAD_SEM4Lang_scaling/speech_code/models/my_modules/BrainNetwork_v7_ablation.py,VAD_SEM4Lang_scaling/speech_code/models/my_modules/BrainNetwork_v7_ablation.py,14029,b87ba02ce97a5f502a8161ae0e2c0ddac48dd39476d0f737ed4f254029f77873
VAD_SEM4Lang_scaling/speech_code/models/my_modules/CNNLSTM.py,VAD_SEM4Lang_scaling/speech_code/models/my_modules/CNNLSTM.py,2558,a257f908df2fba28ffc0952cae40ae400c565e3e3aff196c218a3ea552047daf
VAD_SEM4Lang_scaling/speech_code/models/my_modules/DilatedConv.py,VAD_SEM4Lang_scaling/speech_code/models/my_modules/DilatedConv.py,2177,29f56c307a12fb87898e93f33c765b4145c949a036666fa56f4295feda9bd5de
VAD_SEM4Lang_scaling/speech_code/models/my_modules/IMU.py,VAD_SEM4Lang_scaling/speech_code/models/my_modules/IMU.py,4280,dde06dd8a75f7c1a6bee73839725076ce2f6f188765534bd2ee2259b427ef0ba
VAD_SEM4Lang_scaling/speech_code/models/my_modules/SHINE.py,VAD_SEM4Lang_scaling/speech_code/models/my_modules/SHINE.py,9059,989fd68e8abc0a6d76de38c677c3482f1570e162f0a703c48ec50384ccaaf021
VAD_SEM4Lang_scaling/speech_code/models/my_modules/VLAAI.py,VAD_SEM4Lang_scaling/speech_code/models/my_modules/VLAAI.py,3256,ef6b9b3a605fbbc4196aad71efdc4b55141e6cc346ee434c2f82955d580694fc
VAD_SEM4Lang_scaling/speech_code/models/my_modules/classification_module.py,VAD_SEM4Lang_scaling/speech_code/models/my_modules/classification_module.py,18764,675b3686c9d58b8bc9b214f25476d02f786d143aaf10e7cc7ac75ae8c2a55a4a
VAD_SEM4Lang_scaling/speech_code/models/my_modules/model_EEG.py,VAD_SEM4Lang_scaling/speech_code/models/my_modules/model_EEG.py,8135,f1da33f6cc9a4b8e4e48f7d2362d7dda9d8c376a0e37fdeb8c0a04ab4ca176c9
VAD_SEM4Lang_scaling/speech_code/models/my_modules/model_fusion.py,VAD_SEM4Lang_scaling/speech_code/models/my_modules/model_fusion.py,18977,49103768e7b91d628a54f1dc0337d6fe1de4ec3432c138d83b2555eb05c65c13
VAD_SEM4Lang_scaling/speech_code/models/my_modules/train_segment_fusion_clip_v4.py,VAD_SEM4Lang_scaling/speech_code/models/my_modules/train_segment_fusion_clip_v4.py,36751,d2bd4bf36921f2aef51e77aee99a21772605ec3c3c7c4186bef73a9930f7a5ef
VAD_SEM4Lang_scaling/speech_code/models/my_modules/utils.py,VAD_SEM4Lang_scaling/speech_code/models/my_modules/utils.py,15235,24ec95e97814720d6f1ee6dda11f027bfa940faf6c9531ef76b6aeae6f67eef9
VAD_SEM4Lang_scaling/speech_code/models/my_modules/whisper.py,VAD_SEM4Lang_scaling/speech_code/models/my_modules/whisper.py,13813,8d68ae67047c005ae991d8e1f2e6c83bbfc126fc1c7fb92783538ca283bc435a
VAD_SEM4Lang_scaling/speech_code/models/util_layers.py,VAD_SEM4Lang_scaling/speech_code/models/util_layers.py,907,f711bcbb5aa9d63081a20edeadd1eaddf4dccbfe356180c5f1bd1d1ff982b50d
VAD_SEM4Lang_scaling/speech_code/speech_utils.py,VAD_SEM4Lang_scaling/speech_code/speech_utils.py,17554,0a2d47788bbd8f46db6d0f90e7001af04dc50248416f6de892e8d66eabc302fc
VAD_SEM4Lang_scaling/speech_code/train.py,VAD_SEM4Lang_scaling/speech_code/train.py,42471,3bbfe8cfd534afcf8e6ffd325e4d0e32c6775acdf68e00db53779e51ad67d714
VAD_SEM4Lang_scaling/speech_code/train_v1.py,VAD_SEM4Lang_scaling/speech_code/train_v1.py,22173,e7c3c807969e03018b060a73021653ecf7c3e1dc137f6f93934594217a3e73dc
VAD_SEM4Lang_scaling/speech_code/utils.py,VAD_SEM4Lang_scaling/speech_code/utils.py,48302,292fe782b3f44383579102fd4b59485adc834d3b87b81a2f8d8bac766f30573a
VAD_SEM4Lang_scaling/configs/scaling/config.yaml,VAD_SEM4Lang_scaling/configs/scaling/config.yaml,1394,709dbb84728ab5ed30dd8a40bea808e62b83df9851d36ade8549ea1376d25dfe
VAD_SEM4Lang_scaling/configs/speech/full-training/base-config.yaml,VAD_SEM4Lang_scaling/configs/speech/full-training/base-config.yaml,5951,e92c14a680af10ebc963e9b28bd07f1a1e896ff61dc981f971b4341b5e617f26
VAD_SEM4Lang_scaling/configs/speech/full-training/search-space.yaml,VAD_SEM4Lang_scaling/configs/speech/full-training/search-space.yaml,743,493d6903e3d3c1a3d1b74d7fbbb7f25b749d2deb98692464ad09c8230328056f
VAD_SEM4Lang_scaling/configs/speech/my_run/config.yaml,VAD_SEM4Lang_scaling/configs/speech/my_run/config.yaml,3202,3462f9e78648f97d43a5907184c106e1ae9bebfc90ca3f55f8e926fdc471bf16
VAD_SEM4Lang_scaling/configs/speech/my_run/model_sweep.yaml,VAD_SEM4Lang_scaling/configs/speech/my_run/model_sweep.yaml,1641,cd51f176f18c8b3c6ca0fe5f568ba4c1d88ba6abf9b1c03a4b71dbdccc8d0444
VAD_SEM4Lang_scaling/configs/speech/my_run/search-space.yaml,VAD_SEM4Lang_scaling/configs/speech/my_run/search-space.yaml,851,9841e80d48fd7f64a7a307ccafad64c4215681871e8bccb66e3fd6ac35eed3c9
VAD_SEM4Lang_scaling/tests/test_scaling.py,VAD_SEM4Lang_scaling/tests/test_scaling.py,2644,64fc5173c06647dbbf20d03cfd385a87a8f8147b58a2cb3c14db7795df4d52d2
VAD_SEM4Lang_scaling/scaling/__init__.py,VAD_SEM4Lang_scaling/scaling/__init__.py,49,a7d3b54daa68e71c694caedbeb781c93e0e5b2d7498ecd0d34b2226ecaaa6618
VAD_SEM4Lang_scaling/scaling/aggregate_results.py,VAD_SEM4Lang_scaling/scaling/aggregate_results.py,7471,05541aef3009e4ff061de9cc2361574b9a8a7c9b743e5fdf40ef0e0968098038
VAD_SEM4Lang_scaling/scaling/duration.py,VAD_SEM4Lang_scaling/scaling/duration.py,860,a102086389b319265b4dc41d333b3eb8870238caecc242c6f04c452310f9b688
VAD_SEM4Lang_scaling/scaling/evaluate.py,VAD_SEM4Lang_scaling/scaling/evaluate.py,6859,7a07e54ff833d80097e3965e447f3693681431a23d956494ff09fa60d8f9f621
VAD_SEM4Lang_scaling/scaling/metrics.py,VAD_SEM4Lang_scaling/scaling/metrics.py,1269,cb901bf91188cd71c2051862a6eb96155ee5e21f63f4eb43ecd136a9845e16cc
VAD_SEM4Lang_scaling/scaling/subset.py,VAD_SEM4Lang_scaling/scaling/subset.py,2410,a796fcf885334e6efa40e691dec05752a6663cae0dfd6fac1b0bc6cc36b306a6
VAD_SEM4Lang_scaling/preprocess/ch_transform.py,VAD_SEM4Lang_scaling/preprocess/ch_transform.py,818,1b1bccda93698e1ee6bdd29b7bdd3f8dafbdcc8b9ea98ed2a4dc8420a65d4c3e
